player_name,team_name,seed,multiplier
ADAY MARA,Michigan,1,1
ADDISON ARNOLD,Arizona,1,1
AJ BROWN,Florida,1,1
ALEX CONDON,Florida,1,1
ALEX KOVATCHEV,Florida,1,1
ALEX LLOYD,Florida,1,1
ANTHONY DELLORSO,Arizona,1,1
BOOGIE FLAND,Florida,1,1
BRAYDEN BURRIES,Arizona,1,1
BROCK DAVIS,Duke,1,1
BRYCE JAMES,Arizona,1,1
CALEB FOSTER,Duke,1,1
CAMERON BOOZER,Duke,1,1
CAMERON SHEFFIELD,Duke,1,1
CAYDEN BOOZER,Duke,1,1
CHARLIE MAY,Michigan,1,1
CJ INGRAM,Florida,1,1
COOPER JOSEFSBERG,Florida,1,1
DAME SARR,Duke,1,1
DARREN HARRIS,Duke,1,1
DWAYNE ARISTODE,Arizona,1,1
ELLIOT CADEAU,Michigan,1,1
EVAN NELSON,Arizona,1,1
HARRISON HOCHBERG,Michigan,1,1
HOWARD EISLEY JR,Michigan,1,1
IFEANYI UFOCHUKWU,Duke,1,1
ISAIAH BROWN,Florida,1,1
ISAIAH EVANS,Duke,1,1
IVAN KHARCHENKOV,Arizona,1,1
JACK SCOTT,Duke,1,1
JACKSON COOK,Arizona,1,1
JACKSON FRANCOIS,Arizona,1,1
JADEN BRADLEY,Arizona,1,1
KOA PEAT,Arizona,1,1
LJ CASON,Michigan,1,1
MABIL MAWUT,Arizona,1,1
MALICK KORDEL,Michigan,1,1
MALIQ BROWN,Duke,1,1
MICAH HANDLOGTEN,Florida,1,1
MOREZ JOHNSON JR,Michigan,1,1
MOTIEJUS KRIVAS,Arizona,1,1
NIKOLAS KHAMENIA,Duke,1,1
NIMARI BURNETT,Michigan,1,1
OLIVIER RIOUX,Florida,1,1
OSCAR GOODMAN,Michigan,1,1
PATRICK NGONGBA II,Duke,1,1
RICKY LIBURD,Michigan,1,1
RODDY GAYLE JR,Michigan,1,1
RUEBEN CHINYELU,Florida,1,1
SEBASTIAN WILKINS,Duke,1,1
SIDI GUEYE,Arizona,1,1
SVEN DJOPMO,Arizona,1,1
THOMAS HAUGH,Florida,1,1
TOBE AWAKA,Arizona,1,1
TREY MCKENNEY,Michigan,1,1
URBAN KLAVZAR,Florida,1,1
VIKTOR MIKIC,Florida,1,1
WILL TSCHETTER,Michigan,1,1
WINTERS GRADY,Michigan,1,1
XAIVIAN LEE,Florida,1,1
YAXEL LENDEBORG,Michigan,1,1
AARON FINE,Purdue,2,1
ALEC MILLENDER,UConn,2,1
ALEX KARABAN,UConn,2,1
ANTHONY RISE,Iowa State,2,1
ANTIONE WEST JR,Purdue,2,1
BLAKE BUCHANAN,Iowa State,2,1
BRADEN SMITH,Purdue,2,1
BRAYLON MULLINS,UConn,2,1
BRYCE JACKSON,Houston,2,1
CADE KELDERMAN,Iowa State,2,1
CEDRIC LATH,Houston,2,1
CHASE MCCARTY,Houston,2,1
CHRIS CENAC JR,Houston,2,1
CJ COX,Purdue,2,1
DANIEL JACOBSEN,Purdue,2,1
DOMINICK NELSON,Iowa State,2,1
DOMINYKAS PLETA,Iowa State,2,1
DWAYNE KOROMA,UConn,2,1
EMANUEL SHARP,Houston,2,1
ERIC MULDER,Iowa State,2,1
ERIC REIBE,UConn,2,1
FLETCHER LOYER,Purdue,2,1
GICARRI HARRIS,Purdue,2,1
ISIAH HARWELL,Houston,2,1
JACE RAYL,Purdue,2,1
JACK BENTER,Purdue,2,1
JACK LUSK,Purdue,2,1
JACOB FURPHY,UConn,2,1
JACOB MCFARLAND,Houston,2,1
JACOB ROSS,UConn,2,1
JAMARION BATEMON,Iowa State,2,1
JAYDEN ROSS,UConn,2,1
JAYLIN STEWART,UConn,2,1
JOSEPH TUGLER,Houston,2,1
JOSHUA JEFFERSON,Iowa State,2,1
KALIFA SAKHO,Houston,2,1
KILLYAN TOURE,Iowa State,2,1
KINGSTON FLEMINGS,Houston,2,1
KORDEL JEFFERSON,Houston,2,1
LIAM MURPHY,Purdue,2,1
MALACHI SMITH,UConn,2,1
MASON WILLIAMS,Iowa State,2,1
MERCY MILLER,Houston,2,1
MILAN MOMCILOVIC,Iowa State,2,1
MILOS UZAN,Houston,2,1
NATE HEISE,Iowa State,2,1
OMER MAYER,Purdue,2,1
OSCAR CLUFF,Purdue,2,1
RALEIGH BURGESS,Purdue,2,1
RAMON WALKER JR,Houston,2,1
RREZON ELEZAJ,UConn,2,1
SAM KING,Purdue,2,1
SILAS DEMARY JR,UConn,2,1
SOLO BALL,UConn,2,1
TAMIN LIPSEY,Iowa State,2,1
TARRIS REED JR,UConn,2,1
TREY KAUFMANRENN,Purdue,2,1
URO PAUNOVIC,UConn,2,1
XZAVION MITCHELL,Iowa State,2,1
ADAM MILLER,Gonzaga,3,1
AJ REDD,Illinois,3,1
ALONZO METZ,Gonzaga,3,1
ANDREJ STOJAKOVIC,Illinois,3,1
BEN HUMRICHOUS,Illinois,3,1
BLAKE FAGBEMI,Illinois,3,1
BRADEN HUFF,Gonzaga,3,1
BRAEDEN SMITH,Gonzaga,3,1
BRANDON LEE,Illinois,3,1
BRENNAN WALTON,Michigan St,3,1
CADE ORNESS,Gonzaga,3,1
CAM WARD,Michigan St,3,1
CARSON COOPER,Michigan St,3,1
CARTER LANG,Virginia,3,1
CHANCE MALLORY,Virginia,3,1
COEN CARR,Michigan St,3,1
COLIN WALTON,Michigan St,3,1
DALLIN HALL,Virginia,3,1
DAVID MIRKOVIC,Illinois,3,1
DAVIS FOGLE,Gonzaga,3,1
DENHAM WOJCIK,Michigan St,3,1
DESMOND ROBERTS,Virginia,3,1
DEVIN TILLIS,Virginia,3,1
DIVINE UGOCHUKWU,Michigan St,3,1
ELIJAH GERTRUDE,Virginia,3,1
EMMANUEL INNOCENTI,Gonzaga,3,1
GRAHAM IKE,Gonzaga,3,1
ISMAILA DIAGNE,Gonzaga,3,1
JACARI WHITE,Virginia,3,1
JAKE DAVIS,Illinois,3,1
JALEN WARLEY,Gonzaga,3,1
JASON JAKSTYS,Illinois,3,1
JAXON KOHLER,Michigan St,3,1
JEREMY FEARS JR,Michigan St,3,1
JESSE MCCULLOCH,Michigan St,3,1
JOAQUIM ARAUZMOORE,Gonzaga,3,1
JOHANN GRUNLOH,Virginia,3,1
JORDAN SCOTT,Michigan St,3,1
KALEB GLENN,Michigan St,3,1
KEATON WAGLER,Illinois,3,1
KUR TENG,Michigan St,3,1
KYLAN BOSWELL,Illinois,3,1
MALIK THOMAS,Virginia,3,1
MARIO SAINTSUPERY,Gonzaga,3,1
MARTIN CARRERE,Virginia,3,1
MIHAILO PETROVIC,Illinois,3,1
NICK SANDERS,Michigan St,3,1
NOAH HAALAND,Gonzaga,3,1
OWEN ODOM,Virginia,3,1
PARKER JEFFERSON,Gonzaga,3,1
SAM LEWIS,Virginia,3,1
SILAS BARKSDALE,Virginia,3,1
STEELE VENTERS,Gonzaga,3,1
THIJS DE RIDDER,Virginia,3,1
TOMISLAV IVISIC,Illinois,3,1
TREY FORT,Michigan St,3,1
TY RODGERS,Illinois,3,1
TYON GRANTFOSTER,Gonzaga,3,1
UGONNA ONYENSO,Virginia,3,1
ZVONIMIR IVISIC,Illinois,3,1
ADEN HOLLOWAY,Alabama,4,1
AIDEN SHERRELL,Alabama,4,1
AMARI ALLEN,Alabama,4,1
AMERE BROWN,Arkansas,4,1
AYDEN KELLEY,Arkansas,4,1
BERKE BUYUKTUNCEL,Nebraska,4,1
BILLY RICHMOND III,Arkansas,4,1
BRADEN FRAGER,Nebraska,4,1
BRYSON TILLER,Kansas,4,1
CALE JACOBSEN,Nebraska,4,1
COLLINS ONYEJIAKA,Alabama,4,1
CONNOR ESSEGIAN,Nebraska,4,1
CORBIN ALLEN,Kansas,4,1
DARIUS ACUFF JR,Arkansas,4,1
DARRYN PETERSON,Kansas,4,1
DAVION HANNAH,Alabama,4,1
DJ WAGNER,Arkansas,4,1
ELMARKO JACKSON,Kansas,4,1
ELMIR DAFIC,Arkansas,4,1
FLORY BIDUNGA,Kansas,4,1
HENRY BURT,Nebraska,4,1
HOUSTON MALLETTE,Alabama,4,1
ISAIAH SEALY,Arkansas,4,1
JACK FAGAN,Alabama,4,1
JACOB MARTIN,Alabama,4,1
JADEN KARULETWA,Arkansas,4,1
JALIL BETHEA,Alabama,4,1
JAMARI MCDOWELL,Kansas,4,1
JAMARQUES LAWRENCE,Nebraska,4,1
JARED GARCIA,Nebraska,4,1
JAYDEN DAWSON,Kansas,4,1
JUSTIN BOLIS,Nebraska,4,1
JUSTIN CROSS,Kansas,4,1
KARIM RTAIL,Arkansas,4,1
KARTER KNOX,Arkansas,4,1
KEITENN BRISTOW,Alabama,4,1
KENDALL BLUE,Nebraska,4,1
KLARK JAMES,Alabama,4,1
KOHL ROSARIO,Kansas,4,1
LABARON PHILON JR,Alabama,4,1
LATRELL WRIGHTSELL,Alabama,4,1
LEO CURTIS,Nebraska,4,1
LONDON JEMISON,Alabama,4,1
MALIQUE EWIN,Arkansas,4,1
MELEEK THOMAS,Arkansas,4,1
MELVIN COUNCIL JR,Kansas,4,1
NGINYU NGALA,Kansas,4,1
NICK PRINGLE,Arkansas,4,1
NOAH WILLIAMSON,Alabama,4,1
PAUL MBIYA,Kansas,4,1
PAULO SEMEDO,Arkansas,4,1
PRESTON MURPHY JR,Alabama,4,1
PRYCE SANDFORT,Nebraska,4,1
QUENTIN RHYMES,Nebraska,4,1
RIENK MAST,Nebraska,4,1
SAM HOIBERG,Nebraska,4,1
SAMIS CALDERON,Kansas,4,1
TAYLOR BOL BOWEN,Alabama,4,1
TRE WHITE,Kansas,4,1
TREVON BRAZILE,Arkansas,4,1
UGNIUS JARUSEVICIUS,Nebraska,4,1
WILDER EVERS,Kansas,4,1
WILL COOPER,Nebraska,4,1
WILL THENGVALL,Kansas,4,1
AK OKEREKE,Vanderbilt,5,1
ALEKSAS BIELIAUSKAS,Wisconsin,5,1
ANDREW ROHDE,Wisconsin,5,1
AUSTIN RAPP,Wisconsin,5,1
BRAEDEN CARRINGTON,Wisconsin,5,1
BRYCE HOPKINS,St John's,5,1
CASPER POHTO,St John's,5,1
CHANDLER BING,Vanderbilt,5,1
CHRISTIAN ANDERSON,Texas Tech,5,1
COLESON MESSER,Vanderbilt,5,1
DEVIN MCGLOCKTON,Vanderbilt,5,1
DILLON MITCHELL,St John's,5,1
DONOVAN ATWELL,Texas Tech,5,1
DUKE MILES,Vanderbilt,5,1
DYLAN DARLING,St John's,5,1
ELIJAH GRAY,Wisconsin,5,1
FOTIS KONSTANTINIDIS,St John's,5,1
FRANKIE COLLINS,Vanderbilt,5,1
GEORGE KIMBLE III,Vanderbilt,5,1
HANDJE TAMBA,St John's,5,1
HAYDEN JONES,Wisconsin,5,1
IAN JACKSON,St John's,5,1
IMRAN SULJANOVIC,St John's,5,1
ISAAC GARD,Wisconsin,5,1
JACK FRANCIS,Texas Tech,5,1
JACK JANICKI,Wisconsin,5,1
JACK ROBISON,Wisconsin,5,1
JALEN WASHINGTON,Vanderbilt,5,1
JAYDEN LEVERETT,Vanderbilt,5,1
JAYLEN PETTY,Texas Tech,5,1
JAYLON DEANVINES,Vanderbilt,5,1
JAZZ HENDERSON,Texas Tech,5,1
JOHN BLACKWELL,Wisconsin,5,1
JOSIAH MOSELEY,Texas Tech,5,1
JOSON SANON,St John's,5,1
JT TOPPIN,Texas Tech,5,1
KELVIN ODIH,St John's,5,1
LATRELL HOOVER,Texas Tech,5,1
LEFTERIS LIOTOPOULOS,St John's,5,1
LEJUAN WATTS,Texas Tech,5,1
LEON HORNER,Texas Tech,5,1
LUKE BAMGBOYE,Texas Tech,5,1
MARIAL AKUENTOK,Texas Tech,5,1
MASON NICHOLSON,Vanderbilt,5,1
MIKE JAMES,Vanderbilt,5,1
MILES KEEFFE,Vanderbilt,5,1
NICK BOYD,Wisconsin,5,1
NOLAN GROVES,Texas Tech,5,1
NOLAN WINTER,Wisconsin,5,1
OZIYAH SELLERS,St John's,5,1
RICCARDO GREPPI,Wisconsin,5,1
RUBEN PREY,St John's,5,1
SADIKU IBINE AYO,St John's,5,1
TYEREE BRYAN,Texas Tech,5,1
TYLER HARRIS,Vanderbilt,5,1
TYLER NICKEL,Vanderbilt,5,1
TYLER TANNER,Vanderbilt,5,1
WILL GARLOCK,Wisconsin,5,1
ZACH KINZIGER,Wisconsin,5,1
ZUBY EJIOFOR,St John's,5,1
ABDULLAH AHMED,BYU,6,2
ADRIAN WOOLEY,Louisville,6,2
AJ DYBANTSA,BYU,6,2
ALEKSEJ KOSTIC,BYU,6,2
ALY KHALIFA,Louisville,6,2
AMAREE ABRAM,Tennessee,6,2
AMARI EVANS,Tennessee,6,2
BISHOP BOSWELL,Tennessee,6,2
BRODY KOZLOWSKI,BYU,6,2
CADE PHILLIPS,Tennessee,6,2
CALEB WILSON,North Carolina,6,2
CAMPBELL DUNCAN,Tennessee,6,2
CLARENCE MASSAMBA,Tennessee,6,2
COLE SHERMAN,Louisville,6,2
DAWSON BAKER,BYU,6,2
DEREK DIXON,North Carolina,6,2
DEWAYNE BROWN II,Tennessee,6,2
DOMINIQUE DIOMANDE,BYU,6,2
ELIJAH DAVIS,North Carolina,6,2
ETHAN BURG,Tennessee,6,2
EVAN SMITH,North Carolina,6,2
FELIX OKPARA,Tennessee,6,2
GAVIN PAULL,Tennessee,6,2
GRANT HURST,Tennessee,6,2
HENRI VEESAAR,North Carolina,6,2
ISAAC MCKNEELY,Louisville,6,2
ISAIAH DENIS,North Carolina,6,2
IVAN MATLEKOVIC,North Carolina,6,2
JAKOBI GILLESPIE,Tennessee,6,2
JAMES BROWN,North Carolina,6,2
JARED MCGREGOR,BYU,6,2
JARIN STEVENSON,North Carolina,6,2
JAYDON YOUNG,North Carolina,6,2
JAYLEN CAREY,Tennessee,6,2
JOHN HOLBROOK,North Carolina,6,2
JONATHAN POWELL,North Carolina,6,2
JP ESTRELLA,Tennessee,6,2
JVONNE HADLEY,Louisville,6,2
KASEAN PRYOR,Louisville,6,2
KEBA KEITA,BYU,6,2
KENNARD DAVIS JR,BYU,6,2
KHADIM MBOUP,BYU,6,2
KHANI ROOTHS,Louisville,6,2
KJ PERRY,BYU,6,2
KOBE RODGERS,Louisville,6,2
KYAN EVANS,North Carolina,6,2
LONDON JOHNSON,Louisville,6,2
LUKA BOGAVAC,North Carolina,6,2
MIHAILO BOKOVIC,BYU,6,2
MIKEL BROWN JR,Louisville,6,2
MOUHAMED CAMARA,Louisville,6,2
NATE AMENT,Tennessee,6,2
NATE PICKENS,BYU,6,2
RICHIE SAUNDERS,BYU,6,2
ROBERT WRIGHT III,BYU,6,2
RYAN CONWELL,Louisville,6,2
SANANDA FRU,Louisville,6,2
SETH TRIMBLE,North Carolina,6,2
SPENCER LEGG,Louisville,6,2
TROY HENDERSON,Tennessee,6,2
TYLER MRUS,BYU,6,2
VANGELIS ZOUGRIS,Louisville,6,2
WILL HANKE,Louisville,6,2
XAVION STATON,BYU,6,2
ZAYDEN HIGH,North Carolina,6,2
ANDREW MCKEEVER,Saint Mary's,7,2
ANDRIJA JELAVIC,Kentucky,7,2
ANTHONY PEOPLES JR,UCLA,7,2
BRANDON GARRISON,Kentucky,7,2
BRANDON WILLIAMS,UCLA,7,2
BRAYDON HAWTHORNE,Kentucky,7,2
CADE BENNETT,Saint Mary's,7,2
CHRISTIAN HORRY,UCLA,7,2
COLLIN CHANDLER,Kentucky,7,2
DANTE ALLEN,Miami,7,2
DENZEL ABERDEEN,Kentucky,7,2
DILLAN SHAW,Saint Mary's,7,2
DONOVAN DENT,UCLA,7,2
ERIC DAILEY JR,UCLA,7,2
ERIC FREENY,UCLA,7,2
ERNEST UDEH JR,Miami,7,2
EVAN MANJIKIAN,UCLA,7,2
HARRY WESSELS,Saint Mary's,7,2
JACK SEIDLER,UCLA,7,2
JALAND LOWE,Kentucky,7,2
JAMAR BROWN,UCLA,7,2
JASPER JOHNSON,Kentucky,7,2
JAYDEN QUAINTANCE,Kentucky,7,2
JAZZ GARDNER,Saint Mary's,7,2
JOHN LABOY II,Miami,7,2
JORDYN KEE,Miami,7,2
JOSHUA DENT,Saint Mary's,7,2
KAM WILLIAMS,Kentucky,7,2
KEVIN GAD,Saint Mary's,7,2
LIAM CAMPBELL,Saint Mary's,7,2
MALACHI MORENO,Kentucky,7,2
MALIK RENEAU,Miami,7,2
MANTAS JUZENAS,Saint Mary's,7,2
MARCUS ALLEN,Miami,7,2
MARKELL ALSTON,UCLA,7,2
MIKEY LEWIS,Saint Mary's,7,2
MOUHAMED DIOUBATE,Kentucky,7,2
NOAM DOVRAT,Miami,7,2
OLIVER FAUBERT,Saint Mary's,7,2
OTEGA OWEH,Kentucky,7,2
PAULIUS MURAUSKAS,Saint Mary's,7,2
REECE POTTER,Kentucky,7,2
RORY HAWKE,Saint Mary's,7,2
SALIH ALTUNTAS,Miami,7,2
SHELTON HENDERSON,Miami,7,2
SKYY CLARK,UCLA,7,2
STEVEN JAMERSON II,UCLA,7,2
TIMOTEJ MALOVEC,Miami,7,2
TONY DUCKETT,Saint Mary's,7,2
TRE DONALDSON,Miami,7,2
TRENT MACLEAN,Saint Mary's,7,2
TRENT NOAH,Kentucky,7,2
TRENT PERRY,UCLA,7,2
TREYVON MADDOX,Miami,7,2
TRU WASHINGTON,Miami,7,2
TYLER BILODEAU,UCLA,7,2
WALKER HORN,Kentucky,7,2
XAVIER BOOKER,UCLA,7,2
ZACH TOW,Kentucky,7,2
ACADEN LEWIS,Villanova,8,2
ACE BUCKNER,Clemson,8,2
AMARE BYNUM,Ohio State,8,2
BLAKE DAVIDSON,Clemson,8,2
BLUE CAIN,Georgia,8,2
BRADEN PIERCE,Villanova,8,2
BRANDON KLATSKY,Georgia,8,2
BRANDON NOEL,Ohio State,8,2
BRAYLEN NASH,Ohio State,8,2
BRUCE THORNTON,Ohio State,8,2
BRYCE LINDSAY,Villanova,8,2
BUTTA JOHNSON,Clemson,8,2
CARTER WELLING,Clemson,8,2
CHASE THOMPSON,Clemson,8,2
CHRIS JEFFREY,Villanova,8,2
CHRISTOPH TILLY,Ohio State,8,2
COLIN WHITE,Ohio State,8,2
DALLAS THOMAS,Clemson,8,2
DEVIN ASKEW,Villanova,8,2
DEVIN ROYAL,Ohio State,8,2
DILLON HUNTER,Clemson,8,2
DUKE BRENNAN,Villanova,8,2
DYLAN JAMES,Georgia,8,2
GABE CUPPS,Ohio State,8,2
IVAN NJEGOVAN,Ohio State,8,2
JACKSON MCVEY,Georgia,8,2
JADEN NEWELL,Georgia,8,2
JAKE WAHLIN,Clemson,8,2
JAKE WILKINS,Georgia,8,2
JEREMIAH WILKINSON,Georgia,8,2
JESTIN PORTER,Clemson,8,2
JOHN MOBLEY JR,Ohio State,8,2
JORDAN ROSS,Georgia,8,2
JOSH OJIANWUNA,Ohio State,8,2
JUSTIN ABSON,Georgia,8,2
JUSTIN BAILEY,Georgia,8,2
KANON CATCHINGS,Georgia,8,2
KAREEM STAGG,Georgia,8,2
MALACHI PALMER,Villanova,8,2
MALCOLM FLAGGS,Villanova,8,2
MARCUS MILLENDER,Georgia,8,2
MARKEL JENNINGS,Georgia,8,2
MATHIEU GRUJICIC,Ohio State,8,2
MATT HODGE,Villanova,8,2
MYLES HERRO,Ohio State,8,2
NICK DAVIDSON,Clemson,8,2
NICO ONYEKWERE,Villanova,8,2
PUFF JOHNSON,Ohio State,8,2
RJ GODFREY,Clemson,8,2
SOMTOCHUKWU CYRIL,Georgia,8,2
TAFARA GAPARE,Villanova,8,2
TAISON CHATMAN,Ohio State,8,2
TRENT STEINOUR,Clemson,8,2
TYLER PERKINS,Villanova,8,2
WADE CHIDDICK,Villanova,8,2
ZAC FOSTER,Clemson,8,2
ZION STANFORD,Villanova,8,2
ADAM STEWART,TCU,9,2
ADLAN ELAMIN,Utah State,9,2
ALVARO FOLGUEIRAS,Iowa,9,2
AMARI MCCOTTRY,Saint Louis,9,2
ASHTON SIMMONS,TCU,9,2
BADARA DIAKITE,Saint Louis,9,2
BENNETT STIRTZ,Iowa,9,2
BRADY DUNLAP,Saint Louis,9,2
BRAYDEN BOE,Utah State,9,2
BRENDAN HAUSEN,Iowa,9,2
BROCK HARDING,TCU,9,2
CAM HUTSON,Saint Louis,9,2
CAM MANYAWU,Iowa,9,2
COOPER KOCH,Iowa,9,2
DAVID IWEZE,Utah State,9,2
DAVID PUNCH,TCU,9,2
DION BROWN,Saint Louis,9,2
DRAKE ALLEN,Utah State,9,2
DREW MCELROY,TCU,9,2
DYLAN WARLICK,Saint Louis,9,2
ELIJAH PERRYMAN,Utah State,9,2
GARRY CLARK,Utah State,9,2
ISAAC HOLMES,Saint Louis,9,2
ISAIA HOWARD,Iowa,9,2
ISHAN SHARMA,Saint Louis,9,2
JACE POSEY,TCU,9,2
JACOB KOCH,Iowa,9,2
JADEN SCHERTZ,Saint Louis,9,2
JAX KERR,Saint Louis,9,2
JAYDEN PIERRE,TCU,9,2
JOEY MATTEONI,Iowa,9,2
JORDY BARNES,Utah State,9,2
KAEL COMBS,Iowa,9,2
KALU ANYA,Saint Louis,9,2
KARSON TEMPLIN,Utah State,9,2
KAYDEN EDWARDS,TCU,9,2
KELLEN THAMES,Saint Louis,9,2
KINGSTON TOSI,Utah State,9,2
KOLBY KING,Utah State,9,2
LIUTAURAS LELEVICIUS,TCU,9,2
LUKE KEARNEY,Utah State,9,2
LUKE LACZKOWSKI,Saint Louis,9,2
MALICK DIALLO,TCU,9,2
MASON FALSLEV,Utah State,9,2
MICAH ROBINSON,TCU,9,2
MJ COLLINS JR,Utah State,9,2
PAUL OTIENO,Saint Louis,9,2
PEYTON MCCOLLUM,Iowa,9,2
QUENTIN JONES,Saint Louis,9,2
RJ JONES,TCU,9,2
ROBBIE AVILA,Saint Louis,9,2
TANNER TOOLSON,TCU,9,2
TATE SAGE,Iowa,9,2
TAVION BANKS,Iowa,9,2
TREVIN JIRAK,Iowa,9,2
TREY GREEN,Saint Louis,9,2
TREY STUART,TCU,9,2
TREY THOMPSON,Iowa,9,2
TUCKER ANDERSON,Utah State,9,2
VIANNEY SALATCHOUM,TCU,9,2
XAVIER EDMONDS,TCU,9,2
ZACH KELLER,Utah State,9,2
AARON ROWE,Missouri,10,2
ALI DIBBA,Texas A&M,10,2
ALLEN GRAVES,Santa Clara,10,2
ANNOR BOATENG,Missouri,10,2
ANTHONY ROBINSON II,Missouri,10,2
BRAD LONGCOR III,Santa Clara,10,2
BRENDAN YARUSSO,Santa Clara,10,2
BRENTON KNAPPER,Santa Clara,10,2
BUKKY OBOYE,Santa Clara,10,2
CARMELO PACHECO,UCF,10,2
CHRIS JOHNSON,UCF,10,2
CHRIS MCDERMOTT,Texas A&M,10,2
CHRIS TADJO,Santa Clara,10,2
CHRISTIAN HAMMOND,Santa Clara,10,2
DEVAN CAMBRIDGE,UCF,10,2
ELIJAH HULSEWE,UCF,10,2
ELIJAH MAHI,Santa Clara,10,2
FEDERIKO FEDERIKO,Texas A&M,10,2
FRANCIS CHUKWUDEBELU,Santa Clara,10,2
GEHRIG NORMAND,Santa Clara,10,2
GEORGE BEALE JR,UCF,10,2
JACARI LANE,Texas A&M,10,2
JACOB CREWS,Missouri,10,2
JAKE ENSMINGER,Santa Clara,10,2
JAMICHAEL STILLWELL,UCF,10,2
JAMIE VINSON,Texas A&M,10,2
JAYDEN STONE,Missouri,10,2
JEREMIAH GREEN,Texas A&M,10,2
JEREMY FOUMENA,UCF,10,2
JEVON PORTER,Missouri,10,2
JOHN BOL,UCF,10,2
JORDAN BURKS,UCF,10,2
JOSH HOLLOWAY,Texas A&M,10,2
JUAN REYNA,Santa Clara,10,2
KJ COCHRAN,Santa Clara,10,2
KRIS PARKER,UCF,10,2
LUKE NORTHWEATHER,Missouri,10,2
MACKENZIE MGBAKO,Texas A&M,10,2
MALACHI DOUYON,Santa Clara,10,2
MARCUS HILL,Texas A&M,10,2
MARK MITCHELL,Missouri,10,2
NICHOLAS RANDALL,Missouri,10,2
NOAH BADIBANGA,Santa Clara,10,2
NOAH SHELBY,Texas A&M,10,2
POOHPHA WARAKULNUKROH,UCF,10,2
POP ISAACS,Texas A&M,10,2
RASHAUN AGEE,Texas A&M,10,2
RILEY KUGEL,UCF,10,2
RUBN DOMINGUEZ,Texas A&M,10,2
RYLAN GRIFFEN,Texas A&M,10,2
SASH GAVALYUGOV,Santa Clara,10,2
SEBASTIAN MACK,Missouri,10,2
SHAWN PHILLIPS JR,Missouri,10,2
TANNER JONES,UCF,10,2
THEMUS FULKS,UCF,10,2
THIERRY DARLAN,Santa Clara,10,2
TO BARRETT,Missouri,10,2
TRENT BURNS,Missouri,10,2
TRENT PIERCE,Missouri,10,2
ZACH CLEMENCE,Texas A&M,10,2
ZACH JOHNSON,UCF,10,2
ADRIEL NYORHA,South Florida,11,2
AHMAD NOWELL,VCU,11,2
ALMAR ATLASON,Miami OH,11,2
ALYN BREED,NC State,11,2
ANTHON MCDERMOTT,Texas,11,2
ANTWONE WOOLFOLK,Miami OH,11,2
BARRY EVANS,VCU,11,2
BILLY WHITE III,SMU,11,2
BJ DAVISRAY,SMU,11,2
BJ EDWARDS,SMU,11,2
BLAKE ANDERSON,Miami OH,11,2
BOOPIE MILLER,SMU,11,2
BRADY GANLEY,Miami OH,11,2
BRANDON JENNINGS,VCU,11,2
BRANDON TAYLOR,Texas,11,2
BRANT BYERS,Miami OH,11,2
CALEB SANDERS,South Florida,11,2
CAMDEN HEIDE,Texas,11,2
CHANCE PURYEAR,SMU,11,2
CHENDALL WEAVER,Texas,11,2
CHRISTIAN FERMIN,VCU,11,2
CJ BROWN,South Florida,11,2
COLE BOTT,Texas,11,2
COLT LANGDON,NC State,11,2
COREY WASHINGTON,SMU,11,2
DAILYN SWAIN,Texas,11,2
DAIMION COLLINS,South Florida,11,2
DARRION WILLIAMS,NC State,11,2
DEANTE GREEN,South Florida,11,2
DECLAN DURU JR,Texas,11,2
DEVIN HAID,South Florida,11,2
EIAN ELMER,Miami OH,11,2
ELI YOFAN,Miami OH,11,2
ETHAN WRIGHT,Miami OH,11,2
EVAN IPSARO,Miami OH,11,2
GAVIN HIGHTOWER,South Florida,11,2
ISAIAH JONES,South Florida,11,2
IZAIYAH NELSON,South Florida,11,2
JACKSON KOTECKI,Miami OH,11,2
JADEN TOOMBS,SMU,11,2
JADRIAN TRACEY,VCU,11,2
JARON PIERRE JR,SMU,11,2
JAYME KONTUNIEMI,NC State,11,2
JERMAINE ONEAL JR,SMU,11,2
JERRY DENG,NC State,11,2
JOHN CLARK,Texas,11,2
JORDAN POPE,Texas,11,2
JORDAN SNELL,NC State,11,2
JORDAN TILLERY,VCU,11,2
JORDANN DUMONT,VCU,11,2
JOSEPH PINION,South Florida,11,2
JOSH OMOJAFO,South Florida,11,2
JUSTIN KIRBY,Miami OH,11,2
KEYSHAWN MITCHELL,VCU,11,2
KYLE WALTZ,Miami OH,11,2
LASSINA TRAORE,Texas,11,2
LAZAR DJOKOVIC,VCU,11,2
LESHAWN STOWERS,Miami OH,11,2
LEWIS OBIORAH,Texas,11,2
LUKE SKALJAC,Miami OH,11,2
MATAS VOKIETAITIS,Texas,11,2
MATT ABLE,NC State,11,2
MICHAEL BELLE,VCU,11,2
MITCHELL HOLMES,SMU,11,2
MUSA SAGNIA,NC State,11,2
NIC CODIE,Texas,11,2
NICCOLO KALISCHERSTORK,SMU,11,2
NIGEL WALLS,SMU,11,2
NYK LEWIS,VCU,11,2
OBINNAYA OKAFOR,VCU,11,2
ONYX NNANI,South Florida,11,2
PAUL MCNEIL JR,NC State,11,2
PETER SUDER,Miami OH,11,2
QUADIR COPELAND,NC State,11,2
SAM WALTERS,SMU,11,2
SAMET YIGITOGLU,SMU,11,2
SCOTTIE EBUBE,NC State,11,2
SIMEON WILCHER,Texas,11,2
TERRANCE ARCENEAUX,NC State,11,2
TERRENCE HILL JR,VCU,11,2
TRAMON MARK,Texas,11,2
TRE HOLLOMAN,NC State,11,2
TREY PERRY,Miami OH,11,2
TREY UTTER,SMU,11,2
TRISTAN BECKFORD,South Florida,11,2
TYLER ROBBINS,Miami OH,11,2
TYRELL WARD,VCU,11,2
VENALLEN LUBIN,NC State,11,2
WES ENIS,South Florida,11,2
XAVIER BROWN,South Florida,11,2
ZYMICAH WILKINS,NC State,11,2
ABDOU AKIM MAZOU TAHIROU,McNeese,12,2
AMANI LYLES,Akron,12,2
BABACAR DIALLO,High Point,12,2
BEN SCHWIEGER,Northern Iowa,12,2
BIRGIR IRVING,High Point,12,2
BOWEN HARDMAN,Akron,12,2
BRADEN HAUSEN,High Point,12,2
CADE COURBAT,Northern Iowa,12,2
CADEN MILLER,High Point,12,2
CAMRON FLETCHER,High Point,12,2
CARL CHERENFANT,McNeese,12,2
CHABI BARRE,Akron,12,2
CHASE COURBAT,Northern Iowa,12,2
CHASE JOHNSTON,High Point,12,2
CODY HEAD,Akron,12,2
CONNER GROCE,Akron,12,2
CONRAD MARTINEZ,High Point,12,2
DAVID FONVILLE,High Point,12,2
DJ RICHARDS JR,McNeese,12,2
DORIAN GROSBER,High Point,12,2
ERIC MAHAFFEY,Akron,12,2
ERIK VILLARREAL,McNeese,12,2
EVAN MAHAFFEY,Akron,12,2
GARWEY DUAL,McNeese,12,2
GEON HUTCHINS,Northern Iowa,12,2
HUNTER JACOBSON,Northern Iowa,12,2
ISMAEL DIOUF,Northern Iowa,12,2
JACOLB FREDSONCOLE,McNeese,12,2
JALEN WILSON,Northern Iowa,12,2
JAVOHN GARCIA,McNeese,12,2
JERRELL COLBERT,McNeese,12,2
JJ REMBERT,McNeese,12,2
JOSH HENDERSON,Akron,12,2
JOSH IBUKUNOLUWA,High Point,12,2
KALEB BREWER,McNeese,12,2
KASEN KRUEGER,High Point,12,2
KYLE POCK,Northern Iowa,12,2
LARRY JOHNSON,McNeese,12,2
LEON BOND III,Northern Iowa,12,2
LEVI VALDO,Northern Iowa,12,2
LIAM CARNEY,High Point,12,2
MARINO DUBRAVCIC,Northern Iowa,12,2
MARVIN MUSIIMEKAMALI,Akron,12,2
MAVRICK MILLER,High Point,12,2
MAX WEISBROD,Northern Iowa,12,2
OGNJEN STANKOVIC,Akron,12,2
OWEN AQUINO,High Point,12,2
PEITOK MACHAR,McNeese,12,2
REDEK BORN,Northern Iowa,12,2
RICH BRISCO,Akron,12,2
RJ TAYLOR,Northern Iowa,12,2
ROB MARTIN,High Point,12,2
SCOTTY WASHINGTON,High Point,12,2
SHAMMAH SCOTT,Akron,12,2
SHARRON YOUNG,Akron,12,2
TAI PERKINS,Akron,12,2
TAVARI JOHNSON,Akron,12,2
TERRY ANDERSON,High Point,12,2
TJOHNN BROWN,McNeese,12,2
TREY CAMPBELL,Northern Iowa,12,2
TRISTAN SMITH,Northern Iowa,12,2
TYSHAWN ARCHIE,McNeese,12,2
VINCENT BRADY II,High Point,12,2
WILL HORNSETH,Northern Iowa,12,2
YANIS NDJONGA,McNeese,12,2
YOUSSOUF SINGARE,High Point,12,2
ZACH HALLIGAN,Akron,12,2
AARON HUNKINCLAYTOR,Hawai'i,13,3
AJ ECONOMOU,Hawai'i,13,3
AJ WILLS,Hofstra,13,3
ALEX TSYNKEVICH,Hofstra,13,3
AMIR WILLIAMS,Hofstra,13,3
AUSTIN CROSS,Troy,13,3
BIGGIE PATTERSON,Hofstra,13,3
BRADEY HENIGE,CA Baptist,13,3
BRANDON MORGAN,Hofstra,13,3
CARLOS LOPEZ,Hofstra,13,3
CHASE MAYO HARMON,CA Baptist,13,3
COBI CAMPBELL,Troy,13,3
COOPER CAMPBELL,Troy,13,3
CORBIN GREEN,Troy,13,3
CRUZ DAVIS,Hofstra,13,3
DEVON MALCOLM,CA Baptist,13,3
DOMINIQUE DANIELS JR,CA Baptist,13,3
DRE BULLOCK,Hawai'i,13,3
EMMANUEL CLARTON,Troy,13,3
EVAN GRIFFIN,Troy,13,3
GERMAN PLOTNIKOV,Hofstra,13,3
GYTIS NEMEIKSA,Hawai'i,13,3
HARRY ROUHLIADEFF,Hawai'i,13,3
HIKARU AWATA,Troy,13,3
HUNTER CARTER,Hawai'i,13,3
HUNTER ERICKSON,Hawai'i,13,3
ISAAC FINLINSON,Hawai'i,13,3
ISAAC JOHNSON,Hawai'i,13,3
ISAIAH KERR,Hawai'i,13,3
JAEDEN ROBERTS,Hofstra,13,3
JALEN DOLLAR,CA Baptist,13,3
JALEN MYERS,Hawai'i,13,3
JAVEN COLBERT,Troy,13,3
JAVIER GILGEOUSGLASGOW,Troy,13,3
JAYDEN JACKSON,CA Baptist,13,3
JERRELL BELLAMY,Troy,13,3
JONATHAN GRIMAN,CA Baptist,13,3
JORDAN MULLER,CA Baptist,13,3
JOSHUA AARON REAVES,Hofstra,13,3
JOSHUA DECADY,Hofstra,13,3
KAMERYN MITCHELL,Troy,13,3
KERRINGTON KIEL,Troy,13,3
MARTEL WILLIAMS,CA Baptist,13,3
MILES DANIELS,CA Baptist,13,3
MONTY BOWSER,CA Baptist,13,3
MOUHAMADOU DIOUM,CA Baptist,13,3
NATE GARCIA,CA Baptist,13,3
OJ BLANKSON,CA Baptist,13,3
PRESTON EDMEAD,Hofstra,13,3
RENE DAMELIO,CA Baptist,13,3
SILAS SUNDAY,Hofstra,13,3
TANNER CUFF,Hawai'i,13,3
THEO SENG,Troy,13,3
THOMAS DOWD,Troy,13,3
THOMAS NDONG,CA Baptist,13,3
TREY BOYD III,Hofstra,13,3
VICTOR VALDES,Troy,13,3
VICTORY ONUETU,Hofstra,13,3
YACINE TOUMI,Hawai'i,13,3
AJ LEVINE,Penn,14,3
ALEX BRUSKOTTER,Wright St,14,3
ALEX MASSUNG,Penn,14,3
AMIR TAYLOR,Kennesaw St,14,3
ANDREA HOLDEN,Wright St,14,3
ANDY STEFONOWICZ,N Dakota St,14,3
AUGUSTUS GERHART,Penn,14,3
AYDEN DAVIS,Wright St,14,3
BRADYN FOSTER,Penn,14,3
BRAEDAN LUE,Kennesaw St,14,3
BRENDAN TOUSIGNAUT,Kennesaw St,14,3
BRYAN ETUMNU,Wright St,14,3
CALEB SCHOENROCK,N Dakota St,14,3
CAM THROWER,Penn,14,3
CARSON SMITH,N Dakota St,14,3
CHARLES STONE,Kennesaw St,14,3
CHASE CLEMMONS,Kennesaw St,14,3
CHRIS UBOCHI,Penn,14,3
DALTON SCANTLEBURY,Penn,14,3
DAMARI WHEELERTHOMAS,N Dakota St,14,3
DARIUS WASHINGTON III,Kennesaw St,14,3
DAVIN COSBY JR,Kennesaw St,14,3
DOM CLAY,N Dakota St,14,3
DOMINIC PANGONIS,Wright St,14,3
DOZIE ONYIRIMBA,Kennesaw St,14,3
DYLAN WILLIAMS,Penn,14,3
EMIL SKYTTA,N Dakota St,14,3
ERIC HOLLAND,Kennesaw St,14,3
ETHAN ROBERTS,Penn,14,3
FRANKQUON SHERMAN,Kennesaw St,14,3
ISAIAH WILLIAMS,Wright St,14,3
JADEN HARRIS,Kennesaw St,14,3
JAMIL MILLER,Kennesaw St,14,3
JAY JONES,Penn,14,3
JOHNNIE WALTER,Penn,14,3
KADEN RICKARD,Kennesaw St,14,3
KELLEN PICKETT,Wright St,14,3
LOGAN WOODS,Wright St,14,3
LUCAS LUETH,Penn,14,3
MARKHI STRICKLAND,N Dakota St,14,3
MAX MAJERLE,N Dakota St,14,3
MICHAEL COOPER,Wright St,14,3
MICHAEL IMARIAGBE,Wright St,14,3
MICHAEL ZANONI,Penn,14,3
MICHELANGELO OBERTI,Penn,14,3
NIGEL THOMAS,Kennesaw St,14,3
NIKLAS POLONOWSKI,Penn,14,3
NOAH FEDDERSEN,N Dakota St,14,3
PAYTON KAMIN,Penn,14,3
PERRY SMITH JR,Kennesaw St,14,3
PJ DOUGLAS,Wright St,14,3
RAMONE SEALS,Kennesaw St,14,3
RILEY MASSEY,N Dakota St,14,3
RILEY SAUNDERS,N Dakota St,14,3
RJ JOHNSON,Kennesaw St,14,3
RYAN ALTMAN,Penn,14,3
SAM ALAMUTU,Wright St,14,3
SIMEON COTTLE,Kennesaw St,14,3
SOLOMON CALLAGHAN,Wright St,14,3
TAY SMITH,N Dakota St,14,3
TJ BURCH,Wright St,14,3
TJ POWER,Penn,14,3
TREVIAN CARSON,N Dakota St,14,3
TREY SIMPSON,Kennesaw St,14,3
TREYSON ANDERSON,N Dakota St,14,3
WILLIAM KRUSE,Penn,14,3
AARON NKRUMAH,Tennessee St,15,3
ABIJAH FRANKLIN,Furman,15,3
AIDAN SEVILLA,Idaho,15,3
ALEX GARCIA,Tennessee St,15,3
ALEX WILKINS,Furman,15,3
ANTOINE LORICK III,Tennessee St,15,3
ASA THOMAS,Furman,15,3
AVANTAE PARKER,Queens,15,3
BEN VANDER WAL,Furman,15,3
BIKO JOHNSON,Idaho,15,3
BRODY ROWBURY,Idaho,15,3
CARLOUS WILLIAMS,Tennessee St,15,3
CARSON SCHWIEGER,Queens,15,3
CHARLES JOHNSTON,Furman,15,3
CHRIS ASHBY,Queens,15,3
COLBY CHRISTIANSEN,Queens,15,3
COLE BOWSER,Furman,15,3
COLLIN ONEAL,Furman,15,3
COOPER BOWSER,Furman,15,3
DAMON HOWARD JR,Tennessee St,15,3
DANTE HARRIS,Tennessee St,15,3
DANZELLE BULLOCK COLES,Queens,15,3
DAVIS MOLNAR,Furman,15,3
EDDRIN BRONSON,Furman,15,3
EWAN STEELE,Idaho,15,3
GUNNAR LEWIS,Furman,15,3
GUS LARSON,Queens,15,3
ISAIAH BRICKNER,Idaho,15,3
ISAIAH HENRY,Queens,15,3
JABRION SPIKES,Tennessee St,15,3
JACK PAYNE,Idaho,15,3
JACKSON RASMUSSEN,Idaho,15,3
JACOB BRANDLY,Queens,15,3
JALEN PITRE,Tennessee St,15,3
JAYDEN JONES,Tennessee St,15,3
JC BROOKS,Tennessee St,15,3
JEAN YVENS LAFLEUR,Tennessee St,15,3
JIMMA JAMES,Queens,15,3
JORDAN WATFORD,Queens,15,3
KAM CLARK,Queens,15,3
KAVIEN JONES,Tennessee St,15,3
KHALIL LONDON,Tennessee St,15,3
KOLTON MITCHELL,Idaho,15,3
KRISTIAN GONZALEZ,Idaho,15,3
MABAN JABRIEL,Queens,15,3
MADDUX BODENHAMER,Tennessee St,15,3
MASON SMITH,Furman,15,3
MATTHEW WALTER,Queens,15,3
MILES KLAPPER,Idaho,15,3
NASIR MANN,Queens,15,3
OGIEN AYO,Tennessee St,15,3
OWEN RITGER,Furman,15,3
REID CELESTIN,Queens,15,3
SAIFALLAH ZATARI,Queens,15,3
SEAMUS WILSON,Queens,15,3
SETH JOBA,Idaho,15,3
TALON JENKINS,Idaho,15,3
THOMAS TILLMAN,Furman,15,3
TITUS YEAROUT,Idaho,15,3
TOM HOUSE,Furman,15,3
TRAVIS HARPER II,Tennessee St,15,3
TREVON BLASSINGAME,Idaho,15,3
TYLER CRIDER,Queens,15,3
TYLER LINHARDT,Idaho,15,3
WILL JENSON,Idaho,15,3
YOAV BERMAN,Queens,15,3
AJ NEAL JR,Long Island,16,3
ALEX COTTON,Howard,16,3
ALFREDO ADDESA,Lehigh,16,3
ANDREW UROSEVIC,Lehigh,16,3
ANTONIO CHANDLER,Siena,16,3
BJ POWELL,Howard,16,3
BRENDAN COYLE,Siena,16,3
BRENDAN REED,Lehigh,16,3
BRYCE HARRIS,Howard,16,3
BUBE MOMAH,Lehigh,16,3
CAESAR BURROWS,Lehigh,16,3
CALEB JOHNSON,Long Island,16,3
CALEB THOMAS,Lehigh,16,3
CALVIN ROBINS JR,Howard,16,3
CAM GILLUS,Howard,16,3
CEDRIC TAYLOR III,Howard,16,3
CHRIS TORRES,Siena,16,3
CHRISTIAN JONES,Siena,16,3
COOPER NADLER,Siena,16,3
COREY DUNNING,Prairie View,16,3
CORY WELLS,Prairie View,16,3
DANAS KAZAKEVICIUS,Howard,16,3
DANNY MURRAY,Siena,16,3
DONTAE HORNE,Prairie View,16,3
DOUG YOUNG,Prairie View,16,3
ED HOLLAND III,Howard,16,3
EDDIE MUNYAK,Long Island,16,3
EDOUARD BENOIT,Lehigh,16,3
ELIJAH MITCHELL,Prairie View,16,3
FAHEIM MERAN,Long Island,16,3
FRANCIS FOLEFAC,Siena,16,3
GAVIN DOTY,Siena,16,3
GAVIN PENDERGAST,Long Island,16,3
GREG GORDON,Long Island,16,3
HANK ALVEY,Lehigh,16,3
HASSANE DIALLO,Prairie View,16,3
HENRI ADIASSA,Lehigh,16,3
ISAIAH BROWN,Howard,16,3
ISAIAH FOSTER,Prairie View,16,3
ISAIAH HENDERSON,Siena,16,3
ISAIAH MIRANDA,Long Island,16,3
JAKE PIKE,Lehigh,16,3
JALEN VAZQUEZ,Lehigh,16,3
JAMAL FULLER,Long Island,16,3
JANNOY THOMAS,Prairie View,16,3
JEREMIAH JOHNSON,Howard,16,3
JOEY MADIMBA,Prairie View,16,3
JOMO GOINGS,Long Island,16,3
JOSHUA INGRAM,Lehigh,16,3
JULIAN JOHNSON,Howard,16,3
JUSTICE SHOATS,Siena,16,3
KEESHAWN MASON,Prairie View,16,3
LANCE WILLIAMS,Prairie View,16,3
MALACHI DAVIS,Long Island,16,3
MARCEL BRYANT,Prairie View,16,3
MARCUS JACKSON,Siena,16,3
MASON PORTERBROWN,Long Island,16,3
MAX NDLOVUFRASER,Long Island,16,3
MOSI CLAYTON,Siena,16,3
NASIR WHITLOCK,Lehigh,16,3
OSE OKOJIE,Howard,16,3
OWEN SCHLAGER,Siena,16,3
PETER KRAMER,Lehigh,16,3
REID DUCHARME,Siena,16,3
RILEY MULVEY,Siena,16,3
RIVER SMITH,Howard,16,3
RYAN BOLTON JR,Prairie View,16,3
SERYEE LEWIS,Prairie View,16,3
SHADRAK LASU,Long Island,16,3
SHANE FRAZIER,Howard,16,3
STEFAN ISAILOVIC,Howard,16,3
TAIREON JOSEPH,Prairie View,16,3
TAJAE JONES,Siena,16,3
TASMAN GOODRICK,Siena,16,3
TOMMY CONNIFF,Lehigh,16,3
TRAVELLE BRYSON,Howard,16,3
TRESHAWN SHEPPARD,Long Island,16,3
XINYI LI,Long Island,16,3
