Rk 	Team 	Conf 	W-L 	NetRtg 	ORtg 	DRtg 	AdjT 	Luck 	NetRtg 	ORtg 	DRtg 	NetRtg
1	Duke 1	ACC	32-2	+38.90	128.0	4	89.1	2	65.3	287	+.049	63	+14.29	15	117.0	24	102.7	10	+10.07	18
2	Arizona 1	B12	32-2	+37.66	127.7	5	90.0	3	69.8	54	+.023	127	+14.97	9	117.6	15	102.7	7	+3.25	102
3	Michigan 1	B10	31-3	+37.59	126.6	8	89.0	1	70.9	22	+.045	70	+16.65	3	119.1	4	102.5	5	+12.49	11
4	Florida 1	SEC	26-7	+33.79	125.5	9	91.7	6	70.5	28	-.036	289	+16.01	5	119.4	3	103.4	26	+7.96	29
5	Houston 2	B12	28-6	+33.43	124.9	14	91.4	5	63.3	352	-.006	203	+13.58	24	116.9	25	103.3	24	+0.87	156
6	Iowa St. 2	B12	27-7	+32.42	123.8	21	91.4	4	66.5	225	-.012	219	+12.44	31	115.6	48	103.1	20	-3.57	280
7	Illinois 3	B10	24-8	+32.10	131.2	2	99.1	28	65.5	277	-.050	305	+13.64	23	117.0	22	103.4	28	+3.76	91
8	Purdue 2	B10	27-8	+31.20	131.6	1	100.4	36	64.4	324	-.006	198	+15.88	7	118.3	9	102.5	4	+6.31	50
9	Michigan St. 3	B10	25-7	+28.31	123.0	24	94.7	13	66.0	252	+.005	178	+13.69	21	118.0	11	104.4	55	+3.65	93
10	Gonzaga 3	WCC	30-3	+28.10	122.0	29	93.9	9	68.6	111	+.072	28	+5.89	87	113.0	82	107.1	98	+8.31	26
11	Connecticut 2	BE	29-5	+27.87	122.0	30	94.1	11	64.4	322	+.055	55	+12.01	36	115.3	53	103.3	23	+7.63	38
12	Vanderbilt 5	SEC	26-8	+27.51	126.8	7	99.3	31	68.8	98	+.018	133	+14.56	13	118.0	13	103.4	29	+1.16	148
13	Virginia 3	ACC	29-5	+26.71	122.5	27	95.8	16	65.7	271	+.056	52	+9.95	70	115.4	49	105.5	73	-3.27	273
14	Nebraska 4	B10	26-6	+26.16	118.5	55	92.4	7	66.7	218	+.034	98	+11.59	42	116.4	32	104.8	63	-6.03	319
15	Arkansas 4	SEC	26-8	+26.05	127.7	6	101.6	48	71.0	20	+.051	61	+14.95	10	118.9	7	103.9	38	+4.41	81
16	Tennessee 6	SEC	22-11	+26.02	121.1	37	95.0	15	65.0	307	-.060	321	+14.77	11	119.0	5	104.3	50	+0.75	160
17	St. John's 5	BE	28-6	+25.91	120.1	44	94.2	12	69.6	68	+.061	44	+11.52	43	115.1	59	103.6	31	+6.61	44
18	Alabama 4	SEC	23-9	+25.72	129.0	3	103.3	67	73.1	4	+.019	130	+16.75	2	119.4	1	102.7	9	+13.42	9
19	Louisville 6	ACC	23-10	+25.42	124.1	19	98.6	25	69.6	62	-.020	239	+12.55	30	115.8	40	103.3	25	+2.41	116
20	Texas Tech 5	B12	22-10	+25.22	125.0	12	99.8	33	66.2	243	+.006	175	+15.64	8	118.3	10	102.7	8	+7.75	33
21	Kansas 4	B12	23-10	+24.44	118.3	57	93.9	10	67.6	164	+.053	57	+16.95	1	118.0	12	101.0	1	+10.99	15
22	Wisconsin 5	B10	24-10	+23.39	125.3	11	102.0	51	68.7	104	+.041	82	+13.93	18	117.2	20	103.3	22	-1.10	219
23	BYU 6	B12	23-11	+23.25	125.5	10	102.2	57	69.9	46	-.017	232	+14.27	16	116.3	33	102.0	3	+4.88	74
24	Saint Mary's 7	WCC	27-5	+23.07	120.3	43	97.2	19	65.2	297	+.011	155	+4.99	93	111.5	96	106.5	92	+3.90	90
25	Iowa 9	B10	21-12	+22.44	121.7	31	99.3	30	63.0	357	-.061	328	+11.37	47	115.6	47	104.2	49	-7.17	336
26	Ohio St. 8	B10	21-12	+22.24	124.3	17	102.1	54	66.1	251	-.031	272	+13.67	22	116.6	28	103.0	15	-1.82	236
27	UCLA 7	B10	23-11	+21.67	123.7	22	102.1	53	64.6	318	+.017	136	+12.22	33	116.1	35	103.9	37	-2.17	249
28	Kentucky 7	SEC	21-13	+21.48	120.5	39	99.0	27	68.3	124	-.019	235	+15.92	6	119.0	6	103.1	19	+1.33	142
29	North Carolina 6	ACC	24-8	+20.84	121.4	32	100.5	37	67.9	143	+.057	49	+11.46	45	115.4	50	103.9	40	+1.33	141
30	Utah St. 9	MWC	28-6	+20.76	122.1	28	101.4	45	67.7	158	+.065	39	+7.13	80	112.8	83	105.7	76	+1.97	125
31	Miami FL 7	ACC	25-8	+20.68	121.4	33	100.7	38	67.6	169	+.021	129	+7.99	77	113.7	76	105.7	75	-7.33	340
32	Georgia 8	SEC	22-10	+20.48	124.7	16	104.2	80	71.4	16	-.005	196	+10.78	61	116.0	39	105.2	70	-6.45	326
33	Villanova 8	BE	24-8	+19.97	120.4	41	100.4	35	65.2	296	+.067	35	+10.37	67	114.7	65	104.3	54	+2.90	108
34	N.C. State 11	ACC	20-13	+19.60	124.1	20	104.5	86	69.1	86	-.029	261	+11.97	37	116.0	37	104.0	43	+4.10	85
35	Santa Clara 10	WCC	26-8	+19.40	123.6	23	104.2	82	69.2	82	+.015	142	+6.02	85	111.8	93	105.8	80	+3.91	89
36	Clemson 8	ACC	24-10	+19.24	116.5	71	97.3	20	64.2	333	+.011	156	+10.53	65	115.2	54	104.7	60	+0.64	167
37	Texas 11	SEC	18-14	+19.03	125.0	13	105.9	112	66.9	206	-.083	345	+13.70	20	117.4	18	103.7	33	-6.35	321
38	Auburn	SEC	17-16	+19.02	124.8	15	105.8	107	67.2	191	-.053	314	+16.65	4	119.4	2	102.8	12	+8.40	25
39	Texas A&M 10	SEC	21-11	+18.67	119.7	49	101.0	41	70.5	29	-.002	192	+11.15	52	117.0	23	105.8	82	-5.88	317
40	Oklahoma	SEC	19-15	+18.37	124.2	18	105.8	109	66.2	240	-.070	335	+13.30	25	117.3	19	104.0	42	-5.52	311
						Strength of Schedule 	NCSOS
Rk 	Team 	Conf 	W-L 	NetRtg 	ORtg 	DRtg 	AdjT 	Luck 	NetRtg 	ORtg 	DRtg 	NetRtg
41	Saint Louis 9	A10	28-5	+18.32	119.5	51	101.2	42	71.0	21	+.030	110	+1.03	130	108.9	173	107.8	122	-5.82	316
42	SMU 11	ACC	20-13	+18.09	122.9	26	104.8	91	68.5	115	-.043	297	+11.15	51	115.7	43	104.6	58	+1.24	144
43	TCU 9	B12	22-11	+17.59	115.4	81	97.8	22	67.7	159	+.004	179	+11.04	53	115.2	55	104.1	46	-6.96	333
44	Cincinnati	B12	18-15	+17.49	111.2	131	93.7	8	67.5	175	-.073	338	+11.02	55	114.8	64	103.8	36	-3.24	271
45	VCU 11	A10	27-7	+17.21	119.9	46	102.7	60	68.5	116	-.007	207	+3.49	102	110.4	109	106.9	96	-1.27	222
46	Indiana	B10	18-14	+17.18	120.3	42	103.2	65	66.1	250	-.041	295	+11.80	40	116.1	36	104.3	51	-4.97	301
47	South Florida 11	Amer	25-8	+16.39	117.3	61	100.9	40	71.5	15	-.026	253	+3.04	104	111.2	97	108.2	131	+4.94	73
48	San Diego St.	MWC	22-11	+16.39	113.2	104	96.9	18	68.7	102	+.015	145	+8.57	75	114.3	67	105.7	79	+5.34	62
49	Baylor	B12	16-16	+16.00	122.9	25	106.9	128	67.8	152	-.086	346	+13.92	19	115.8	42	101.8	2	+1.14	150
50	New Mexico	MWC	23-10	+15.81	117.1	64	101.3	44	69.8	57	-.035	284	+5.68	88	111.8	92	106.1	87	+0.53	170
51	Seton Hall	BE	21-12	+15.71	110.5	147	94.8	14	65.1	302	-.033	278	+8.99	73	113.9	75	104.9	65	-4.21	290
52	Missouri 10	SEC	20-12	+15.39	119.5	50	104.1	78	66.2	244	+.041	83	+11.51	44	116.5	29	105.0	68	-7.78	344
53	Washington	B10	16-17	+15.12	117.2	63	102.1	55	67.1	194	-.101	360	+11.97	38	116.8	26	104.8	64	-0.75	205
54	UCF 10	B12	21-11	+15.04	120.5	40	105.4	101	69.2	78	+.097	17	+11.91	39	115.0	61	103.1	17	-2.56	258
55	Virginia Tech	ACC	19-13	+13.69	117.2	62	103.6	70	67.0	197	-.010	211	+9.99	69	115.1	58	105.1	69	-0.87	209
56	Florida St.	ACC	18-15	+13.48	118.4	56	104.9	93	70.4	30	-.006	201	+11.20	50	114.9	62	103.7	34	-3.27	272
57	Northwestern	B10	15-19	+13.41	117.5	60	104.1	77	65.0	304	-.079	343	+13.22	27	117.2	21	103.9	41	-1.68	231
58	Stanford	ACC	20-12	+13.37	117.1	65	103.7	71	66.7	216	+.030	109	+8.77	74	113.5	77	104.8	62	-0.45	195
59	West Virginia	B12	18-14	+13.27	110.0	154	96.7	17	62.2	364	-.033	276	+9.30	72	114.2	68	104.9	66	-8.28	349
60	LSU	SEC	15-17	+13.23	119.8	48	106.6	122	66.6	224	-.092	353	+10.94	58	115.7	44	104.8	61	-4.66	298
61	Grand Canyon	MWC	20-12	+13.19	111.0	134	97.8	23	68.0	141	-.068	332	+3.78	100	111.7	95	107.9	124	-5.77	314
62	Boise St.	MWC	20-12	+13.18	117.0	67	103.8	74	65.7	272	+.028	114	+8.44	76	114.1	69	105.7	78	+7.73	34
63	Tulsa	Amer	26-7	+12.97	121.2	34	108.2	148	67.9	145	+.021	128	+0.59	141	109.1	159	108.5	143	-2.44	256
64	Akron 12	MAC	29-5	+12.80	118.8	54	106.0	113	70.3	32	+.018	132	-3.65	236	108.5	194	112.1	286	-3.11	267
65	Mississippi	SEC	15-20	+12.62	114.1	92	101.4	46	66.3	234	-.070	333	+14.22	17	118.6	8	104.4	56	-2.53	257
66	Oklahoma St.	B12	19-14	+12.58	120.1	45	107.5	138	72.0	9	+.052	60	+12.19	34	115.1	57	103.0	14	-0.94	212
67	Arizona St.	B12	17-16	+12.52	115.8	78	103.2	66	69.2	77	+.062	43	+14.49	14	117.7	14	103.2	21	+5.81	55
68	McNeese 12	Slnd	28-5	+12.48	114.3	91	101.8	49	66.2	246	+.084	21	-1.86	201	107.5	250	109.4	171	+9.13	22
69	Belmont	MVC	26-6	+12.26	120.7	38	108.4	152	68.9	93	+.035	96	-0.14	156	108.2	216	108.3	135	-4.64	297
70	Colorado	B12	17-15	+12.11	118.9	53	106.8	126	68.7	106	+.024	126	+10.83	60	115.3	51	104.5	57	+0.07	186
71	Providence	BE	15-18	+11.81	121.1	36	109.3	176	71.2	17	-.090	350	+10.99	56	114.1	70	103.1	16	-0.53	198
72	Northern Iowa 12	MVC	23-12	+11.81	110.0	153	98.2	24	62.3	363	-.070	334	+1.27	127	109.5	142	108.2	132	-0.87	208
73	California	ACC	21-11	+11.43	114.1	93	102.6	59	68.0	137	+.044	72	+7.12	81	113.4	79	106.3	88	-6.42	325
74	Wake Forest	ACC	17-16	+11.39	117.0	68	105.6	104	68.1	134	-.022	243	+11.27	48	115.8	41	104.6	59	+0.66	165
75	Nevada	MWC	22-12	+11.30	115.7	79	104.4	85	66.1	249	+.012	154	+5.99	86	112.1	89	106.1	86	+2.83	110
76	Creighton	BE	15-17	+11.01	116.2	74	105.2	97	67.5	170	-.029	262	+11.72	41	114.6	66	102.8	13	+3.34	99
77	Minnesota	B10	15-17	+10.91	114.6	88	103.7	72	62.5	362	-.061	327	+10.48	66	116.0	38	105.5	72	-8.65	351
78	Dayton	A10	23-11	+10.91	110.6	145	99.7	32	66.9	204	+.043	76	+4.83	95	112.0	90	107.2	101	+1.18	147
79	Georgetown	BE	16-18	+10.89	114.6	87	103.7	73	66.2	245	-.049	304	+10.54	64	113.9	73	103.4	27	-4.13	287
80	USC	B10	18-14	+10.81	113.5	101	102.7	62	70.6	27	+.068	33	+12.23	32	116.4	30	104.2	48	-0.84	206
						Strength of Schedule 	NCSOS
Rk 	Team 	Conf 	W-L 	NetRtg 	ORtg 	DRtg 	AdjT 	Luck 	NetRtg 	ORtg 	DRtg 	NetRtg
81	Yale	Ivy	24-6	+10.65	121.1	35	110.4	202	64.4	328	+.045	69	-1.09	181	108.8	175	109.9	187	+1.26	143
82	Wichita St.	Amer	22-11	+9.78	112.6	111	102.8	64	66.1	248	-.038	291	+1.35	124	110.2	114	108.8	153	-2.24	252
83	Syracuse	ACC	15-17	+9.74	114.6	86	104.9	92	67.4	179	-.046	301	+10.33	68	113.9	74	103.6	32	-2.19	251
84	Marquette	BE	12-20	+9.66	111.8	120	102.2	56	68.9	97	-.111	363	+10.97	57	115.3	52	104.3	53	+1.85	130
85	George Washington	A10	18-15	+9.64	117.6	59	108.0	143	69.1	83	-.141	365	+1.58	117	109.3	153	107.7	116	-2.80	261
86	Butler	BE	16-16	+9.49	116.1	75	106.6	123	68.7	107	-.031	270	+9.95	71	114.0	72	104.1	44	-3.01	265
87	Hofstra 13	CAA	24-10	+9.49	114.6	89	105.1	95	64.7	317	-.052	308	-0.91	173	108.0	223	108.9	156	+3.13	103
88	Colorado St.	MWC	21-12	+9.49	118.9	52	109.4	183	63.0	358	+.040	87	+4.89	94	112.1	88	107.2	102	-2.19	250
89	Notre Dame	ACC	13-18	+8.88	115.5	80	106.6	125	65.9	261	-.059	320	+10.73	63	114.8	63	104.1	45	+1.42	137
90	Utah Valley	WAC	25-8	+8.82	112.8	108	104.0	76	68.7	108	+.033	103	-0.34	161	107.0	268	107.4	107	+2.53	113
91	Stephen F. Austin	Slnd	28-5	+8.43	112.6	110	104.2	81	65.7	269	+.029	111	-3.65	235	106.0	287	109.6	173	-3.79	284
92	High Point 12	BSth	30-4	+8.40	117.0	66	108.6	161	69.9	49	+.048	64	-9.23	342	103.7	330	112.9	319	-8.88	355
93	Miami OH 11	MAC	31-1	+8.26	116.8	70	108.5	156	69.9	44	+.099	15	-5.37	269	107.2	262	112.6	305	-9.91	361
94	Pittsburgh	ACC	13-20	+7.60	113.7	98	106.1	115	63.5	344	-.067	330	+10.84	59	115.0	60	104.2	47	+0.42	174
95	South Carolina	SEC	13-19	+7.54	112.5	112	105.0	94	66.3	232	-.062	329	+11.04	54	116.7	27	105.7	77	-8.78	354
96	George Mason	A10	23-9	+7.50	113.1	105	105.6	103	63.3	350	+.054	56	+0.39	147	109.7	129	109.3	169	-7.88	346
97	Xavier	BE	15-18	+7.47	116.9	69	109.4	182	70.2	33	+.016	141	+11.41	46	114.0	71	102.6	6	+1.07	152
98	Wyoming	MWC	18-14	+7.40	115.1	83	107.7	140	66.0	257	-.024	250	+3.96	99	111.7	94	107.8	119	-5.34	306
99	Oregon	B10	12-20	+7.03	111.6	128	104.6	87	65.9	262	-.036	287	+12.63	29	116.4	31	103.8	35	+1.53	135
100	Mississippi St.	SEC	13-19	+7.00	112.7	109	105.7	105	69.6	64	-.001	190	+13.23	26	117.6	16	104.3	52	+0.49	172
101	Kansas St.	B12	12-20	+6.98	113.2	103	106.3	116	72.6	6	-.074	340	+12.99	28	116.1	34	103.1	18	-0.20	192
102	DePaul	BE	16-16	+6.83	107.1	209	100.3	34	66.2	241	-.014	225	+7.98	78	113.4	78	105.4	71	-9.93	362
103	Illinois St.	MVC	20-12	+6.66	110.5	146	103.9	75	66.7	221	-.009	209	+1.34	125	109.9	124	108.6	146	-2.80	262
104	UC Irvine	BW	23-11	+6.21	104.9	255	98.7	26	68.2	133	-.016	228	-0.70	167	108.4	197	109.1	165	+0.61	169
105	Illinois Chicago	MVC	19-15	+6.16	110.4	149	104.3	83	66.3	231	-.061	325	+1.60	116	110.1	117	108.5	145	-2.33	254
106	Cal Baptist 13	WAC	25-8	+5.99	107.9	191	101.9	50	65.8	265	+.091	19	-1.95	204	107.1	265	109.1	161	-3.32	275
107	UNLV	MWC	17-16	+5.97	115.0	84	109.1	172	69.8	55	+.003	181	+6.44	83	112.4	84	106.0	85	+1.19	146
108	Hawaii 13	BW	24-8	+5.97	107.1	211	101.2	43	69.7	61	+.038	92	-3.37	228	106.6	277	109.9	191	-11.24	364
109	St. Thomas	Sum	24-9	+5.88	114.0	95	108.1	146	68.2	126	-.034	280	-5.66	275	107.3	260	112.9	320	-0.94	213
110	UNC Wilmington	CAA	26-6	+5.79	111.9	119	106.1	114	65.1	303	+.028	117	-5.08	266	106.4	282	111.4	247	-8.33	350
111	Sam Houston St.	CUSA	22-11	+5.56	113.5	102	107.9	142	70.0	41	-.007	208	-0.19	158	109.7	131	109.9	185	+6.04	53
112	Pacific	WCC	18-15	+5.42	110.7	142	105.3	99	64.3	331	-.020	238	+2.91	106	110.5	106	107.6	113	-0.01	187
113	North Dakota St. 14	Sum	27-7	+5.13	111.7	124	106.6	124	66.3	237	+.040	89	-5.83	282	106.5	280	112.3	293	-0.97	214
114	Davidson	A10	20-13	+4.94	109.6	161	104.7	89	63.6	343	+.033	104	+2.05	111	109.6	136	107.5	112	-0.10	189
115	UT Rio Grande Valley	Slnd	19-14	+4.57	111.0	136	106.4	120	66.3	230	-.056	318	-1.23	182	107.9	238	109.1	163	+8.31	27
116	Saint Joseph's	A10	22-11	+4.56	107.3	205	102.7	63	68.0	135	+.088	20	+1.41	122	109.2	155	107.8	120	-5.00	302
117	Southern Illinois	MVC	16-16	+4.55	103.8	273	99.2	29	68.9	95	-.094	355	+1.80	114	109.9	125	108.1	130	-0.17	191
118	UC San Diego	BW	23-11	+4.53	107.8	193	103.3	68	67.2	190	+.010	160	-1.02	177	107.9	239	108.9	154	+0.31	177
119	Seattle	WCC	20-13	+4.49	102.2	298	97.7	21	67.6	167	+.017	137	+1.62	115	110.6	103	109.0	159	-3.51	279
120	Maryland	B10	12-21	+4.25	111.1	133	106.9	127	66.1	247	+.016	139	+14.68	12	117.4	17	102.7	11	+1.56	134
						Strength of Schedule 	NCSOS
Rk 	Team 	Conf 	W-L 	NetRtg 	ORtg 	DRtg 	AdjT 	Luck 	NetRtg 	ORtg 	DRtg 	NetRtg
121	San Francisco	WCC	17-16	+4.20	113.6	100	109.4	180	65.9	260	-.006	200	+4.08	98	110.8	101	106.8	94	+0.29	178
122	Murray St.	MVC	20-12	+4.12	116.3	73	112.2	240	71.5	14	+.043	79	+1.16	129	109.6	133	108.5	142	-3.83	285
123	Bradley	MVC	21-12	+3.96	111.7	125	107.8	141	67.3	182	+.039	90	+0.68	139	108.9	169	108.3	134	-5.41	307
124	Rutgers	B10	14-19	+3.95	110.5	148	106.5	121	66.8	210	+.043	78	+11.23	49	115.1	56	103.9	39	-7.31	339
125	Liberty	CUSA	25-7	+3.90	117.6	58	113.7	268	63.9	339	+.142	2	-1.78	199	107.6	248	109.3	170	+0.68	164
126	Utah	B12	10-22	+3.65	114.7	85	111.0	213	66.0	258	-.012	215	+12.12	35	115.7	46	103.5	30	+0.20	181
127	UAB	Amer	20-12	+3.46	109.8	156	106.4	119	69.1	85	+.006	176	-0.79	168	108.7	178	109.5	172	-5.46	309
128	Duquesne	A10	18-15	+3.45	110.7	140	107.3	135	68.6	113	-.012	218	+2.57	108	110.4	108	107.8	123	-6.41	323
129	Florida Atlantic	Amer	18-15	+3.31	109.7	158	106.4	118	69.6	63	-.034	281	+1.90	113	110.0	121	108.1	129	+2.87	109
130	UC Santa Barbara	BW	18-14	+3.17	113.7	97	110.6	208	64.4	327	-.067	331	-1.04	178	107.3	259	108.4	137	-0.47	197
131	Toledo	MAC	19-15	+3.15	114.5	90	111.3	217	67.8	153	-.055	316	-0.80	169	109.7	130	110.5	211	+2.12	120
132	Fresno St.	MWC	13-19	+3.09	107.4	201	104.3	84	68.2	131	-.078	342	+4.77	96	112.2	85	107.5	110	-3.08	266
133	Montana St.	BSky	18-14	+3.00	111.0	135	108.0	144	65.8	264	-.083	344	+0.03	151	110.5	105	110.5	208	+6.36	49
134	Memphis	Amer	13-19	+2.52	107.2	208	104.7	88	70.2	37	-.053	313	+5.45	89	112.2	86	106.8	95	+10.85	16
135	Rhode Island	A10	16-16	+2.47	105.8	233	103.4	69	65.7	273	-.048	302	+0.75	137	109.4	145	108.7	147	-5.55	312
136	North Texas	Amer	19-14	+2.46	103.4	279	100.9	39	65.0	306	+.010	158	+0.99	131	110.1	118	109.1	166	+0.12	185
137	Washington St.	WCC	12-20	+2.32	113.9	96	111.6	225	67.8	147	-.094	354	+5.06	92	111.0	100	105.9	83	+5.01	72
138	Penn St.	B10	12-20	+2.18	114.0	94	111.9	230	67.4	176	-.012	216	+10.73	62	115.7	45	105.0	67	-7.27	337
139	St. Bonaventure	A10	17-17	+2.17	113.7	99	111.5	223	67.3	183	-.044	298	+1.44	119	109.2	158	107.7	118	-4.41	294
140	Wright St. 14	Horz	23-11	+2.04	112.1	117	110.0	193	67.2	192	+.009	166	-4.03	249	109.4	148	113.4	340	+0.85	157
141	Northern Colorado	BSky	20-12	+1.87	112.3	115	110.4	201	68.7	105	-.024	249	-2.09	207	109.0	162	111.1	235	-0.22	193
142	Navy	PL	26-7	+1.84	107.4	203	105.5	102	65.1	300	+.053	59	-12.12	361	103.2	346	115.3	363	-9.56	359
143	Troy 13	SB	22-11	+1.72	110.7	141	109.0	166	64.9	309	+.024	125	-3.23	226	107.5	249	110.8	220	+4.15	84
144	Robert Morris	Horz	22-11	+1.69	110.8	139	109.1	170	64.4	323	+.029	112	-4.53	257	108.9	172	113.4	338	-1.40	225
145	Idaho 15	BSky	21-14	+1.53	108.8	176	107.3	136	67.7	156	-.012	217	-1.67	195	109.4	147	111.1	233	+0.74	161
146	Portland St.	BSky	20-11	+1.52	103.5	277	102.0	52	68.0	140	+.008	169	-1.99	205	109.8	128	111.8	268	+1.41	138
147	Bowling Green	MAC	18-14	+1.51	107.2	206	105.7	106	68.3	125	-.095	356	-3.33	227	108.2	214	111.5	255	-6.40	322
148	Kent St.	MAC	24-9	+1.50	111.8	121	110.3	199	70.2	35	+.136	3	-2.62	217	109.3	151	111.9	274	-3.36	278
149	William & Mary	CAA	20-12	+1.49	111.0	137	109.5	185	72.5	7	+.024	123	-2.10	209	108.2	212	110.3	206	+0.33	176
150	Penn 14	Ivy	18-11	+1.47	107.4	204	105.9	111	69.0	87	+.068	34	-0.69	166	109.2	154	109.9	189	+0.51	171
151	Arkansas St.	SB	20-12	+1.39	110.6	144	109.2	173	71.9	10	+.008	171	-3.82	244	107.1	263	111.0	226	+2.77	111
152	Harvard	Ivy	17-12	+1.26	106.6	218	105.3	100	63.0	360	-.015	227	-3.38	229	107.9	236	111.3	238	-5.10	303
153	Central Arkansas	ASun	22-12	+1.25	110.2	151	108.9	163	67.9	142	+.041	84	-5.42	271	109.0	163	114.5	357	+5.70	59
154	UT Arlington	WAC	18-14	+1.13	102.6	292	101.5	47	64.8	311	+.030	108	+0.54	144	108.8	177	108.2	133	+3.35	97
155	Winthrop	BSth	23-11	+1.13	111.7	127	110.5	207	70.0	43	+.025	122	-4.76	259	106.8	273	111.6	259	+1.16	149
156	Boston College	ACC	11-20	+1.07	103.7	274	102.7	61	65.9	259	-.035	282	+6.60	82	113.1	80	106.5	91	-7.46	341
157	Towson	CAA	19-15	+0.99	105.7	237	104.7	90	63.4	346	+.012	153	-0.99	176	109.0	164	110.0	192	+2.72	112
158	Valparaiso	MVC	18-15	+0.97	108.1	185	107.2	134	65.1	301	+.041	85	+0.82	134	109.2	157	108.4	136	-6.00	318
159	UC Davis	BW	19-14	+0.89	108.0	188	107.1	133	68.9	90	+.040	88	-0.22	159	108.2	215	108.4	138	+1.67	133
160	Richmond	A10	15-17	+0.81	111.3	130	110.5	206	67.6	165	-.092	351	-0.14	157	109.1	160	109.2	168	-9.09	357
						Strength of Schedule 	NCSOS
Rk 	Team 	Conf 	W-L 	NetRtg 	ORtg 	DRtg 	AdjT 	Luck 	NetRtg 	ORtg 	DRtg 	NetRtg
161	Loyola Marymount	WCC	15-17	+0.68	106.5	222	105.8	108	66.9	201	-.045	299	+0.58	142	109.7	132	109.1	162	-5.81	315
162	Georgia Tech	ACC	11-20	+0.58	107.7	197	107.1	132	70.6	25	-.039	292	+6.29	84	111.9	91	105.6	74	-9.75	360
163	Kennesaw St. 14	CUSA	21-13	+0.57	110.6	143	110.1	194	71.2	19	+.009	167	-2.23	211	108.0	225	110.2	202	-5.17	304
164	Cornell	Ivy	15-13	+0.51	119.8	47	119.3	342	71.2	18	-.032	273	-1.39	188	108.3	201	109.7	178	-0.68	203
165	Temple	Amer	16-16	+0.50	111.7	126	111.2	215	64.9	308	-.073	337	-1.53	190	107.5	251	109.1	160	-3.15	269
166	Fordham	A10	17-15	+0.47	104.6	261	104.1	79	64.4	326	-.056	317	-2.17	210	107.8	240	110.0	194	-16.13	365
167	East Tennessee St.	SC	23-11	+0.44	109.7	159	109.2	174	66.0	253	-.021	242	-8.02	319	106.7	276	114.7	358	-4.26	291
168	Cal St. Fullerton	BW	18-16	+0.38	109.4	166	109.0	167	72.8	5	+.047	67	+1.41	123	109.5	144	108.0	127	+6.43	46
169	Oakland	Horz	16-16	+0.21	115.2	82	115.0	295	69.8	53	+.016	140	-0.10	152	110.4	110	110.5	209	+17.30	1
170	Western Kentucky	CUSA	18-14	+0.02	108.5	181	108.5	155	69.9	51	+.008	170	-0.84	171	109.6	139	110.4	207	+1.40	139
171	Eastern Washington	BSky	14-19	-0.00	113.1	106	113.1	256	67.6	161	-.061	323	+0.84	133	110.0	119	109.2	167	+7.55	40
172	Charleston	CAA	21-11	-0.19	108.0	186	108.2	149	67.6	166	+.105	11	-2.09	206	108.9	170	111.0	229	-1.58	229
173	Austin Peay	ASun	22-9	-0.28	108.0	187	108.3	151	69.4	73	+.033	102	-6.60	294	108.3	199	114.9	360	+2.10	122
174	Texas A&M Corpus Chris	Slnd	18-15	-0.29	104.8	256	105.1	96	66.0	255	+.003	183	-0.11	153	108.7	180	108.8	152	+16.58	2
175	CSUN	BW	20-14	-0.37	108.9	175	109.3	177	73.5	2	+.078	25	+0.04	150	108.0	226	107.9	125	+1.07	153
176	Northern Kentucky	Horz	20-14	-0.59	109.5	162	110.1	195	70.2	38	-.022	244	-4.38	254	109.9	123	114.3	355	-4.18	289
177	Oregon St.	WCC	17-16	-0.66	109.2	167	109.8	190	65.1	299	+.097	18	+3.09	103	110.2	113	107.1	100	-1.69	233
178	Middle Tennessee	CUSA	17-15	-0.67	109.1	171	109.8	189	65.8	268	+.012	152	+0.80	135	109.5	140	108.7	148	+11.15	13
179	Merrimack	MAAC	23-11	-0.83	106.5	220	107.4	137	63.4	348	+.115	8	-5.77	280	105.1	302	110.8	223	+3.26	101
180	Monmouth	CAA	19-15	-0.89	106.1	227	107.0	129	67.1	196	+.013	148	-2.55	216	107.2	261	109.8	181	-3.68	281
181	Queens 15	ASun	21-13	-1.44	115.8	77	117.2	322	69.6	65	+.067	37	-5.66	276	108.3	200	114.0	353	+5.71	58
182	Campbell	CAA	16-18	-1.47	111.2	132	112.6	251	69.7	58	+.009	163	+0.77	136	109.2	156	108.4	139	+7.62	39
183	Charlotte	Amer	17-17	-1.48	113.0	107	114.5	285	63.4	347	+.024	124	+0.53	145	109.3	152	108.8	149	-0.90	210
184	New Mexico St.	CUSA	16-16	-1.61	108.7	179	110.3	200	66.9	203	-.061	326	-1.36	187	108.3	206	109.6	174	+0.63	168
185	UMBC 16	AE	24-8	-1.67	108.2	183	109.9	192	66.2	242	+.046	68	-14.87	365	100.5	364	115.4	364	-6.98	334
186	Montana	BSky	18-16	-1.72	106.7	217	108.5	154	69.6	66	+.047	66	-0.12	154	110.1	116	110.2	204	+5.27	67
187	Tennessee St. 15	OVC	23-9	-1.83	109.1	173	110.9	212	70.2	36	+.070	31	-8.26	326	103.2	343	111.5	252	+5.40	61
188	Utah Tech	WAC	19-15	-1.88	110.9	138	112.8	252	66.3	236	+.099	16	+0.72	138	107.3	258	106.6	93	+3.70	92
189	Columbia	Ivy	16-12	-1.96	108.5	182	110.5	204	66.7	219	+.012	151	-3.46	232	108.1	218	111.6	256	-5.42	308
190	Mercer	SC	19-13	-1.97	111.8	122	113.7	269	68.9	92	-.021	241	-5.39	270	108.2	213	113.6	345	+3.98	86
191	Furman 15	SC	22-12	-1.98	107.5	200	109.4	181	65.9	263	+.010	159	-6.29	289	108.1	217	114.4	356	-0.70	204
192	Siena 16	MAAC	23-11	-2.10	107.1	210	109.2	175	64.6	319	+.005	177	-9.48	347	102.9	350	112.4	297	-7.72	343
193	New Orleans	Slnd	15-18	-2.20	109.7	157	111.9	234	69.7	60	+.038	93	+0.54	143	108.3	209	107.7	117	+14.05	5
194	FIU	CUSA	15-17	-2.23	107.4	202	109.6	187	71.5	12	-.051	307	-1.34	186	108.6	185	110.0	193	-0.11	190
195	Appalachian St.	SB	19-13	-2.33	105.8	232	108.2	147	63.0	359	+.015	144	-5.53	272	107.0	270	112.5	301	-3.28	274
196	Massachusetts	MAC	17-16	-2.60	108.7	178	111.3	216	69.9	48	-.045	300	-3.66	237	107.8	243	111.4	246	-6.62	328
197	Drake	MVC	14-20	-2.64	109.9	155	112.6	249	67.2	186	-.060	322	+2.04	112	109.3	150	107.3	104	-4.17	288
198	Weber St.	BSky	16-16	-2.64	111.6	129	114.2	280	68.5	119	-.031	271	-1.95	203	108.3	204	110.2	203	-1.06	218
199	Buffalo	MAC	17-15	-2.80	112.5	114	115.3	298	66.5	229	-.028	259	-3.60	233	107.4	252	111.0	231	-6.70	330
200	Lipscomb	ASun	19-13	-2.84	106.9	214	109.7	188	69.3	74	+.044	75	-5.22	268	108.7	179	113.9	351	+4.70	76
						Strength of Schedule 	NCSOS
Rk 	Team 	Conf 	W-L 	NetRtg 	ORtg 	DRtg 	AdjT 	Luck 	NetRtg 	ORtg 	DRtg 	NetRtg
201	Indiana St.	MVC	11-21	-2.87	106.2	224	109.1	171	68.0	138	-.110	362	+1.26	128	108.6	184	107.4	108	-5.47	310
202	Portland	WCC	15-19	-2.89	106.0	228	108.9	164	68.4	121	+.064	42	+3.64	101	111.2	98	107.6	115	+0.68	163
203	Louisiana Tech	CUSA	20-14	-2.90	102.9	287	105.8	110	64.3	332	+.050	62	-3.00	223	108.0	224	111.0	228	-7.10	335
204	Marist	MAAC	19-12	-3.07	99.6	328	102.6	58	66.3	235	-.027	255	-8.92	337	103.9	322	112.8	314	-7.30	338
205	South Alabama	SB	21-11	-3.14	107.0	212	110.2	197	64.6	321	+.058	47	-6.05	286	105.9	289	112.0	280	-5.32	305
206	Missouri St.	CUSA	16-18	-3.15	108.9	174	112.1	237	65.5	284	-.043	296	-1.66	194	108.0	221	109.7	176	-1.13	220
207	Howard 16	MEAC	23-10	-3.19	103.1	283	106.3	117	69.0	89	-.010	210	-14.60	364	100.5	363	115.1	361	-1.69	234
208	Marshall	SB	19-13	-3.19	112.0	118	115.2	297	69.3	75	+.034	99	-4.24	253	107.4	257	111.6	260	-1.15	221
209	Jacksonville St.	CUSA	15-17	-3.38	105.1	253	108.5	157	65.3	288	-.057	319	-2.94	222	107.8	242	110.7	218	-6.35	320
210	Green Bay	Horz	18-15	-3.50	112.5	113	116.0	308	62.9	361	+.064	40	-2.10	208	110.0	122	112.1	285	+6.26	51
211	Tulane	Amer	18-15	-3.63	107.7	196	111.3	219	66.9	208	+.121	5	+0.24	148	108.3	207	108.0	126	-3.76	283
212	Cal Poly	BW	14-19	-3.64	109.4	164	113.1	255	74.0	1	-.003	194	+1.29	126	108.6	186	107.3	105	+5.22	69
213	James Madison	SB	18-15	-3.91	109.1	170	113.0	254	66.0	256	+.017	134	-4.90	262	106.5	279	111.4	244	-2.72	260
214	Youngstown St.	Horz	15-17	-3.92	105.5	243	109.4	184	67.2	187	-.092	352	-3.76	242	109.5	143	113.3	335	-1.53	227
215	Samford	SC	18-14	-3.93	109.6	160	113.6	265	67.2	184	+.009	164	-5.97	285	107.9	231	113.9	348	+0.22	180
216	LIU 16	NEC	24-10	-3.95	105.6	239	109.6	186	67.8	154	+.104	12	-9.97	350	103.6	334	113.5	343	+2.14	119
217	Detroit Mercy	Horz	17-15	-4.15	107.9	190	112.1	238	68.8	100	+.067	36	-2.36	213	109.6	135	112.0	277	+7.71	36
218	Southern Miss	SB	19-16	-4.17	105.2	249	109.4	179	69.3	76	+.043	77	-3.67	238	107.1	264	110.8	221	+1.23	145
219	Quinnipiac	MAAC	19-13	-4.25	104.2	267	108.4	153	69.9	50	+.027	118	-7.46	308	104.0	318	111.5	250	+1.33	140
220	South Dakota St.	Sum	14-18	-4.31	108.0	189	112.3	245	66.8	214	-.117	364	-3.11	225	107.7	245	110.8	222	+2.48	114
221	Tarleton St.	WAC	14-18	-4.38	104.2	265	108.6	159	69.2	79	-.041	294	+0.68	140	107.7	244	107.1	99	+3.97	87
222	Drexel	CAA	17-16	-4.71	102.4	296	107.1	130	64.2	334	+.003	182	-4.42	255	106.3	283	110.7	215	-7.99	347
223	Tennessee Martin	OVC	22-11	-4.81	100.4	320	105.2	98	64.1	337	+.048	65	-8.75	333	102.9	351	111.6	262	+0.35	175
224	San Diego	WCC	12-21	-4.99	108.2	184	113.2	259	68.0	139	+.003	180	+2.24	109	109.6	138	107.4	106	-2.15	247
225	San Jose St.	MWC	9-24	-5.01	112.1	116	117.1	319	65.1	298	-.012	214	+7.14	79	113.0	81	105.8	81	+1.95	127
226	Rice	Amer	13-18	-5.23	108.6	180	113.8	271	65.5	279	+.009	162	-0.32	160	108.7	182	109.0	158	-2.10	246
227	Stony Brook	CAA	17-15	-5.52	105.2	252	110.7	210	66.2	239	+.064	41	-2.94	221	106.9	272	109.8	180	-4.31	292
228	Ohio	MAC	15-17	-5.57	107.9	192	113.5	263	68.8	99	+.025	120	-1.34	185	108.8	174	110.2	199	+0.92	155
229	Western Carolina	SC	15-16	-5.59	109.2	168	114.7	288	67.8	155	-.015	226	-4.01	248	108.7	183	112.7	309	+9.69	20
230	Elon	CAA	14-18	-5.73	110.1	152	115.8	304	66.8	212	-.030	268	-2.41	214	108.3	203	110.7	216	-3.16	270
231	Long Beach St.	BW	10-22	-5.77	105.6	241	111.3	218	68.5	117	-.030	267	+0.97	132	108.5	192	107.6	114	+4.42	80
232	Southeast Missouri	OVC	20-13	-5.84	102.2	299	108.0	145	68.9	96	+.031	106	-8.04	320	103.9	320	112.0	278	+4.43	79
233	La Salle	A10	9-23	-5.88	105.7	238	111.5	224	65.8	266	-.029	260	+5.18	90	111.1	99	105.9	84	+3.93	88
234	Denver	Sum	15-17	-6.00	116.0	76	122.0	359	67.9	144	+.007	173	-1.69	196	109.0	165	110.7	213	+7.78	32
235	Georgia Southern	SB	21-16	-6.05	110.2	150	116.2	310	70.0	42	+.057	50	-5.80	281	105.8	292	111.6	258	-6.65	329
236	Nicholls	Slnd	14-19	-6.24	105.8	235	112.0	236	68.2	130	+.044	73	-0.12	155	108.3	202	108.4	141	+9.73	19
237	Lamar	Slnd	12-19	-6.30	103.1	284	109.4	178	65.6	275	-.089	348	-2.75	218	107.0	269	109.7	179	-0.67	202
238	American	PL	16-16	-6.31	105.6	240	111.9	233	66.7	220	-.024	251	-7.88	317	105.2	299	113.1	328	+0.73	162
239	Eastern Michigan	MAC	10-21	-6.39	101.9	304	108.3	150	66.5	227	-.096	357	-0.53	163	109.6	134	110.1	198	+1.85	129
240	Vermont	AE	22-12	-6.45	106.1	226	112.6	247	64.8	310	+.008	172	-10.96	357	102.9	348	113.9	347	-2.43	255
						Strength of Schedule 	NCSOS
Rk 	Team 	Conf 	W-L 	NetRtg 	ORtg 	DRtg 	AdjT 	Luck 	NetRtg 	ORtg 	DRtg 	NetRtg
241	Charleston Southern	BSth	15-17	-6.48	105.7	236	112.2	242	71.5	13	-.090	349	-6.43	292	105.9	290	112.3	294	-5.58	313
242	Abilene Christian	WAC	14-19	-6.56	101.1	312	107.6	139	67.8	149	+.029	113	+0.19	149	108.2	211	108.1	128	+0.83	158
243	Bethune Cookman	SWAC	17-15	-6.60	103.6	276	110.2	196	69.0	88	+.069	32	-7.16	304	104.8	307	111.9	273	+13.74	6
244	Florida Gulf Coast	ASun	16-18	-6.61	105.5	242	112.2	239	67.5	171	-.029	263	-5.86	283	108.0	222	113.9	346	+0.19	182
245	Texas St.	SB	19-13	-6.65	104.0	272	110.6	209	66.0	254	+.084	22	-6.85	298	105.3	298	112.2	288	-9.11	358
246	UNC Asheville	BSth	15-17	-6.75	104.7	258	111.4	221	64.8	314	-.016	229	-3.75	240	107.9	230	111.7	263	+1.08	151
247	Coastal Carolina	SB	19-13	-6.86	101.8	305	108.6	158	66.8	211	+.132	4	-4.97	264	106.8	275	111.8	267	-2.17	248
248	Old Dominion	SB	12-21	-7.00	106.0	229	113.0	253	68.9	91	-.073	339	-3.06	224	108.2	210	111.3	239	+4.64	77
249	Colgate	PL	18-15	-7.02	107.7	195	114.7	289	66.8	209	+.044	74	-6.94	299	106.2	285	113.1	326	+5.23	68
250	Idaho St.	BSky	13-20	-7.08	109.5	163	116.6	314	65.5	281	-.035	283	-0.68	165	109.0	166	109.6	175	+3.35	98
251	Southern Utah	WAC	10-22	-7.14	106.5	219	113.7	267	70.2	34	-.053	312	+2.11	110	108.6	191	106.5	90	+5.73	57
252	Princeton	Ivy	9-20	-7.15	105.4	245	112.6	250	63.5	345	-.077	341	-0.95	175	109.0	167	109.9	190	-0.60	200
253	Wofford	SC	19-13	-7.35	109.1	169	116.5	312	67.8	151	+.073	26	-7.63	313	107.9	232	115.5	365	-4.39	293
254	East Carolina	Amer	11-20	-7.43	103.6	275	111.0	214	68.6	110	-.006	197	-0.53	164	109.5	141	110.1	196	-3.00	264
255	Saint Peter's	MAAC	17-12	-7.51	103.0	286	110.5	205	65.5	280	+.066	38	-8.04	321	103.9	321	112.0	276	-1.06	217
256	SIUE	OVC	19-13	-7.59	99.5	331	107.1	131	64.3	329	-.007	205	-10.80	354	102.3	356	113.1	330	-7.81	345
257	Radford	BSth	16-16	-7.67	106.3	223	113.9	273	70.6	26	-.036	286	-7.17	305	105.8	291	113.0	321	-6.45	327
258	UC Riverside	BW	10-22	-7.69	104.0	271	111.7	227	68.4	120	-.048	303	+1.54	118	109.4	149	107.8	121	+6.45	45
259	Iona	MAAC	18-14	-7.72	104.0	270	111.7	228	68.7	103	+.041	81	-8.69	332	103.9	325	112.5	303	-3.13	268
260	Purdue Fort Wayne	Horz	17-15	-7.83	105.3	247	113.2	258	67.6	162	+.118	6	-1.78	200	110.4	107	112.2	289	+7.70	37
261	Boston University	PL	17-17	-8.00	111.8	123	119.8	347	63.1	355	-.022	246	-8.53	328	104.2	314	112.8	312	-4.89	300
262	Nebraska Omaha	Sum	16-17	-8.01	106.1	225	114.1	278	67.0	198	+.033	100	-2.81	220	108.6	190	111.4	242	+3.10	104
263	Fairfield	MAAC	21-13	-8.10	105.8	234	113.9	272	66.9	202	+.078	24	-9.63	349	102.8	353	112.4	300	-8.69	352
264	Pepperdine	WCC	9-23	-8.15	105.2	250	113.4	261	68.6	112	-.018	233	+2.93	105	110.2	115	107.2	103	-2.25	253
265	Sacramento St.	BSky	10-21	-8.30	105.9	231	114.2	279	71.6	11	-.022	245	+1.43	120	110.5	104	109.1	164	+8.90	24
266	Incarnate Word	Slnd	12-19	-8.49	108.8	177	117.3	325	65.5	283	-.028	258	-1.51	189	107.4	254	108.9	155	+6.67	43
267	Lindenwood	OVC	18-15	-8.51	100.5	319	109.0	165	72.4	8	+.017	135	-8.87	334	103.1	347	111.9	272	+1.95	126
268	Milwaukee	Horz	12-20	-8.85	106.5	221	115.3	299	67.3	180	+.013	149	-1.65	193	110.4	111	112.0	282	+6.37	48
269	Central Michigan	MAC	10-21	-9.04	105.9	230	115.0	293	67.1	193	-.098	358	-1.60	191	108.3	205	109.9	188	+1.44	136
270	Presbyterian	BSth	15-18	-9.07	103.2	282	112.2	243	64.1	338	-.020	240	-4.93	263	107.0	267	111.9	275	-2.02	241
271	Longwood	BSth	16-16	-9.12	103.4	278	112.6	248	68.4	122	-.036	285	-8.40	327	104.5	310	112.9	316	-10.62	363
272	Hampton	CAA	13-19	-9.19	102.5	295	111.6	226	65.3	290	-.013	223	-3.80	243	106.3	284	110.0	195	-7.50	342
273	Western Michigan	MAC	10-21	-9.23	107.8	194	117.0	317	67.7	160	-.036	288	-1.30	184	108.4	198	109.7	177	-2.09	245
274	Dartmouth	Ivy	11-16	-9.36	104.7	257	114.1	275	69.5	69	+.000	187	-2.27	212	108.5	195	110.7	219	-4.54	295
275	North Dakota	Sum	18-17	-9.51	106.8	216	116.3	311	67.2	189	+.111	10	-3.64	234	107.9	234	111.5	253	-0.45	196
276	UTEP	CUSA	11-20	-9.58	100.8	313	110.4	203	65.5	282	+.010	157	-0.38	162	108.6	187	109.0	157	+3.43	96
277	Mount St. Mary's	MAAC	15-17	-9.61	99.4	332	109.0	169	67.5	173	+.028	116	-7.24	306	104.2	313	111.5	251	+0.82	159
278	Bellarmine	ASun	13-19	-9.66	116.5	72	126.1	365	64.6	320	-.013	222	-4.77	260	108.4	196	113.2	332	+2.38	117
279	Southern	SWAC	17-17	-9.75	104.6	260	114.4	283	69.9	47	+.060	45	-6.37	291	105.1	301	111.5	249	+15.21	3
280	Loyola Chicago	A10	9-24	-10.17	103.3	280	113.5	264	65.5	276	+.057	48	+2.81	107	110.4	112	107.5	111	-4.63	296
						Strength of Schedule 	NCSOS
Rk 	Team 	Conf 	W-L 	NetRtg 	ORtg 	DRtg 	AdjT 	Luck 	NetRtg 	ORtg 	DRtg 	NetRtg
281	Northwestern St.	Slnd	10-22	-10.21	102.2	297	112.5	246	64.7	315	-.013	220	-0.95	174	107.6	247	108.5	144	+7.71	35
282	South Dakota	Sum	16-16	-10.27	104.3	264	114.6	287	69.8	52	+.056	53	-5.72	278	106.9	271	112.7	307	-3.71	282
283	Morehead St.	OVC	20-13	-10.35	106.9	215	117.2	321	65.3	289	+.160	1	-7.02	300	104.0	319	111.0	227	+6.23	52
284	Lehigh 16	PL	18-16	-10.37	102.7	290	113.1	257	66.9	205	+.081	23	-8.61	330	104.9	304	113.5	342	-0.54	199
285	Southeastern Louisiana	Slnd	9-22	-10.58	99.7	325	110.2	198	65.5	285	-.006	199	-0.90	172	107.9	233	108.8	151	+5.34	63
286	Northeastern	CAA	7-24	-10.60	107.5	199	118.1	330	69.6	67	-.061	324	-1.78	198	108.1	219	109.8	183	-0.86	207
287	Mercyhurst	NEC	17-17	-10.67	101.2	309	111.9	231	64.8	313	-.013	224	-10.81	355	102.6	355	113.4	339	+0.17	183
288	Prairie View A&M 16	SWAC	18-17	-10.69	101.2	310	111.9	232	70.9	23	+.013	147	-9.59	348	103.4	339	113.0	322	+8.98	23
289	East Texas A&M	Slnd	11-21	-10.83	100.7	317	111.5	222	68.2	132	+.001	185	-0.83	170	108.0	228	108.8	150	+6.68	42
290	Brown	Ivy	9-18	-10.85	97.9	341	108.8	162	66.5	228	-.050	306	-3.96	246	107.8	241	111.7	266	-8.78	353
291	North Carolina A&T	CAA	11-19	-10.98	105.2	251	116.2	309	68.5	118	-.023	247	-3.75	241	107.4	255	111.1	234	-8.93	356
292	Houston Christian	Slnd	12-20	-11.14	102.9	288	114.0	274	64.4	325	+.034	97	-2.46	215	107.4	256	109.8	182	-0.99	215
293	Delaware	CUSA	10-21	-11.27	104.4	262	115.7	303	63.1	354	+.006	174	-2.78	219	107.4	253	110.2	201	-6.92	332
294	Ball St.	MAC	12-19	-11.31	98.6	339	109.9	191	63.7	342	-.005	195	-4.05	250	107.9	229	112.0	279	-6.41	324
295	Jacksonville	ASun	12-20	-11.47	103.0	285	114.5	286	63.3	349	-.030	266	-4.07	251	108.9	171	113.0	325	+5.19	70
296	Sacred Heart	MAAC	14-19	-11.56	107.2	207	118.7	336	68.4	123	+.001	184	-7.53	309	104.0	317	111.5	254	-2.06	244
297	Eastern Kentucky	ASun	11-21	-11.66	109.1	172	120.8	350	67.3	181	-.017	230	-4.08	252	108.8	176	112.9	317	+2.99	105
298	Grambling St.	SWAC	14-19	-11.78	96.9	345	108.6	160	67.6	168	-.053	311	-9.21	341	103.2	345	112.4	299	+2.12	121
299	Le Moyne	NEC	15-17	-11.81	102.0	301	113.8	270	69.5	70	-.018	234	-10.61	353	102.6	354	113.2	333	-1.71	235
300	UNC Greensboro	SC	15-19	-12.22	107.6	198	119.8	348	67.6	163	+.056	54	-6.15	288	108.0	227	114.1	354	-0.91	211
301	Chattanooga	SC	13-19	-12.27	105.4	246	117.6	328	67.2	188	-.029	264	-7.06	302	107.7	246	114.7	359	-2.61	259
302	USC Upstate	BSth	13-19	-12.40	99.0	337	111.4	220	67.5	174	+.025	121	-5.55	273	106.0	286	111.6	257	-1.40	224
303	Stetson	ASun	12-21	-12.55	105.2	248	117.8	329	66.7	222	+.008	168	-3.87	245	108.5	193	112.4	296	+4.73	75
304	West Georgia	ASun	15-17	-12.55	101.6	307	114.1	276	69.2	81	+.072	27	-6.67	295	108.6	188	115.3	362	+0.26	179
305	Wagner	NEC	14-17	-12.68	102.5	293	115.2	296	65.4	286	-.001	188	-9.00	338	103.2	344	112.2	290	+6.39	47
306	Central Connecticut	NEC	18-12	-12.71	104.7	259	117.4	327	65.0	305	+.116	7	-11.11	358	102.1	358	113.2	334	-2.00	240
307	Alabama A&M	SWAC	18-15	-12.73	104.0	269	116.7	315	65.3	292	+.058	46	-10.88	356	102.0	359	112.9	318	-2.06	243
308	Evansville	MVC	7-25	-12.85	101.9	302	114.8	290	67.0	200	-.011	213	+4.51	97	110.8	102	106.3	89	+3.65	94
309	Oral Roberts	Sum	10-23	-12.90	102.0	300	114.9	292	67.7	157	-.055	315	-1.72	197	109.6	137	111.3	240	+5.57	60
310	Georgia St.	SB	10-22	-12.94	99.3	335	112.3	244	67.8	148	-.040	293	-3.99	247	107.1	266	111.1	232	-0.36	194
311	Little Rock	OVC	12-20	-12.96	102.7	289	115.7	302	66.6	223	-.033	275	-6.45	293	103.4	338	109.9	186	+4.63	78
312	Florida A&M	SWAC	15-16	-13.01	97.9	342	110.9	211	68.2	127	+.071	29	-8.87	335	103.8	327	112.7	308	+7.93	31
313	Louisiana	SB	11-22	-13.28	100.1	322	113.4	260	63.2	353	+.033	105	-4.52	256	106.4	281	110.9	224	-1.95	239
314	Arkansas Pine Bluff	SWAC	13-19	-13.31	104.0	268	117.3	326	68.9	94	+.025	119	-5.57	274	105.8	293	111.4	241	+14.44	4
315	Tennessee Tech	OVC	13-18	-13.33	102.5	294	115.8	305	66.8	213	-.028	257	-7.61	312	103.4	337	111.0	230	+2.97	106
316	Texas Southern	SWAC	12-18	-13.35	101.7	306	115.0	294	68.7	101	-.033	277	-8.63	331	103.9	323	112.5	302	+12.43	12
317	IU Indy	Horz	7-25	-13.89	105.4	244	119.3	343	73.2	3	-.033	279	-3.45	231	109.0	168	112.4	298	-1.04	216
318	Alabama St.	SWAC	10-22	-14.43	99.2	336	113.6	266	69.5	71	-.071	336	-6.82	297	104.1	316	110.9	225	+8.17	28
319	Northern Arizona	BSky	10-22	-14.48	105.1	254	119.6	344	63.8	341	+.031	107	-1.07	180	109.4	146	110.5	210	+0.15	184
320	Cleveland St.	Horz	11-22	-14.62	109.4	165	124.0	362	69.7	59	+.040	86	-1.94	202	109.8	127	111.7	264	+4.35	82
						Strength of Schedule 	NCSOS
Rk 	Team 	Conf 	W-L 	NetRtg 	ORtg 	DRtg 	AdjT 	Luck 	NetRtg 	ORtg 	DRtg 	NetRtg
321	UMass Lowell	AE	15-18	-14.62	102.6	291	117.3	324	69.1	84	+.017	138	-9.15	339	103.6	331	112.7	310	+2.10	123
322	Loyola MD	PL	12-20	-14.81	104.2	266	119.0	341	68.2	129	-.027	256	-9.24	344	103.9	324	113.1	329	-6.79	331
323	Eastern Illinois	OVC	13-20	-14.86	96.9	346	111.7	229	65.6	274	+.037	95	-6.12	287	104.5	309	110.7	214	+12.54	10
324	Albany	AE	11-21	-14.94	103.3	281	118.2	332	65.2	295	-.086	347	-7.35	307	104.7	308	112.1	284	+4.23	83
325	Lafayette	PL	11-21	-15.18	100.7	316	115.9	306	66.7	215	+.009	165	-7.58	311	105.2	300	112.8	313	-0.65	201
326	Cal St. Bakersfield	BW	8-24	-15.28	101.9	303	117.2	320	70.1	40	+.012	150	+0.43	146	107.9	235	107.5	109	+0.65	166
327	Norfolk St.	MEAC	15-17	-15.38	101.4	308	116.7	316	68.2	128	-.019	236	-11.90	360	101.2	362	113.1	327	+0.43	173
328	New Haven	NEC	14-17	-16.09	96.1	350	112.2	241	63.3	351	+.041	80	-9.45	346	102.9	352	112.3	295	+2.92	107
329	Holy Cross	PL	11-22	-16.42	100.8	314	117.2	323	65.5	278	-.007	204	-7.04	301	106.0	288	113.0	323	-0.06	188
330	Manhattan	MAAC	12-20	-16.46	104.4	263	120.8	351	67.8	146	+.053	58	-8.18	323	103.3	342	111.5	248	-2.87	263
331	Bucknell	PL	10-23	-16.62	98.2	340	114.8	291	66.9	207	+.015	143	-5.96	284	106.8	274	112.8	311	+2.10	124
332	NJIT	AE	16-17	-16.85	96.5	348	113.4	262	67.8	150	+.115	9	-9.24	343	103.3	341	112.6	304	+1.04	154
333	Northern Illinois	MAC	9-21	-17.23	97.0	344	114.3	281	67.4	178	+.014	146	-1.05	179	109.1	161	110.1	197	+2.27	118
334	Stonehill	NEC	12-21	-17.32	91.7	362	109.0	168	66.3	233	-.007	206	-10.34	352	102.9	349	113.3	336	-3.34	276
335	North Florida	ASun	7-25	-17.47	106.9	213	124.4	363	70.4	31	-.029	265	-3.40	230	108.0	220	111.4	245	+7.94	30
336	Fairleigh Dickinson	NEC	11-21	-17.63	100.8	315	118.4	334	63.8	340	-.006	202	-8.56	329	103.3	340	111.9	271	+5.28	64
337	Army	PL	11-21	-18.39	100.1	321	118.5	335	67.1	195	+.044	71	-7.79	315	105.6	294	113.4	337	-1.92	237
338	Niagara	MAAC	8-22	-18.48	99.6	327	118.1	331	62.1	365	-.038	290	-8.22	324	103.8	328	112.0	281	-3.94	286
339	Southern Indiana	OVC	7-23	-18.61	95.5	354	114.1	277	67.5	172	-.105	361	-8.24	325	103.6	332	111.8	270	-1.67	230
340	UTSA	Amer	5-25	-18.65	99.6	326	118.3	333	68.5	114	-.001	189	+1.43	121	109.8	126	108.4	140	+1.71	132
341	Jackson St.	SWAC	12-21	-18.86	100.0	324	118.8	339	69.4	72	+.101	14	-6.29	290	104.9	306	111.2	236	+13.66	7
342	Canisius	MAAC	10-21	-19.22	95.3	356	114.5	284	64.2	336	+.019	131	-7.87	316	104.3	312	112.1	287	-3.35	277
343	North Alabama	ASun	9-21	-19.27	99.5	329	118.8	338	64.8	312	+.057	51	-4.77	261	108.7	181	113.5	341	+1.83	131
344	Chicago St.	NEC	7-25	-19.58	99.4	333	119.0	340	65.3	293	-.032	274	-4.58	258	105.6	295	110.2	200	+10.64	17
345	Air Force	MWC	3-29	-19.95	95.6	352	115.5	301	66.3	238	+.000	186	+5.07	91	112.1	87	107.0	97	-4.86	299
346	Alcorn St.	SWAC	9-23	-20.17	96.3	349	116.5	313	67.2	185	+.039	91	-5.18	267	105.5	297	110.7	217	+13.47	8
347	The Citadel	SC	11-22	-20.29	100.6	318	120.9	352	64.3	330	+.028	115	-5.68	277	107.9	237	113.5	344	-1.93	238
348	Maine	AE	8-24	-20.33	91.6	363	111.9	235	64.7	316	-.031	269	-9.19	340	103.8	326	113.0	324	-1.43	226
349	New Hampshire	AE	9-21	-20.71	95.3	355	116.0	307	67.4	177	-.002	193	-8.07	322	104.2	315	112.2	291	+5.28	65
350	Maryland Eastern Shore	MEAC	9-23	-20.85	94.6	358	115.5	300	63.1	356	-.052	309	-9.26	345	103.6	333	112.8	315	+5.04	71
351	Louisiana Monroe	SB	4-28	-21.05	101.2	311	122.2	360	70.1	39	-.099	359	-3.72	239	106.5	278	110.3	205	-1.35	223
352	North Carolina Central	MEAC	14-18	-21.14	100.1	323	121.2	354	65.7	270	+.071	30	-10.33	351	102.0	360	112.3	292	+9.30	21
353	Morgan St.	MEAC	14-16	-21.78	99.4	334	121.2	353	70.7	24	+.103	13	-12.77	363	100.4	365	113.2	331	-1.54	228
354	Saint Francis	NEC	7-24	-22.26	99.5	330	121.8	357	69.9	45	-.025	252	-6.79	296	104.9	303	111.7	265	+7.36	41
355	Bryant	AE	9-22	-23.01	96.6	347	119.6	345	64.2	335	+.009	161	-7.96	318	103.4	336	111.4	243	+2.45	115
356	South Carolina St.	MEAC	10-22	-23.55	95.2	357	118.8	337	68.7	109	+.033	101	-8.89	336	103.8	329	112.7	306	+3.27	100
357	Rider	MAAC	4-25	-24.43	95.7	351	120.1	349	65.8	267	-.024	248	-5.00	265	105.6	296	110.6	212	+11.12	14
358	Kansas City	Sum	4-27	-25.10	92.0	361	117.1	318	69.8	56	-.017	231	-1.61	192	110.0	120	111.6	261	+5.94	54
359	Binghamton	AE	8-23	-25.50	97.6	343	123.1	361	65.3	294	-.019	237	-12.28	362	101.6	361	113.9	349	-8.23	348
360	VMI	SC	6-26	-26.28	98.6	338	124.9	364	66.7	217	-.011	212	-5.72	279	108.3	208	114.0	352	-2.04	242
						Strength of Schedule 	NCSOS
Rk 	Team 	Conf 	W-L 	NetRtg 	ORtg 	DRtg 	AdjT 	Luck 	NetRtg 	ORtg 	DRtg 	NetRtg
361	Gardner Webb	BSth	4-29	-26.42	95.5	353	122.0	358	69.2	80	-.001	191	-1.27	183	108.6	189	109.8	184	+5.28	66
362	Delaware St.	MEAC	8-23	-27.27	87.1	365	114.3	282	65.3	291	-.013	221	-11.66	359	102.3	357	113.9	350	+1.89	128
363	Coppin St.	MEAC	7-24	-27.57	92.1	360	119.7	346	68.0	136	+.037	94	-7.56	310	104.3	311	111.8	269	+3.44	95
364	Western Illinois	OVC	5-26	-28.47	92.9	359	121.3	355	66.5	226	-.052	310	-7.69	314	103.5	335	111.2	237	-1.68	232
365	Mississippi Valley St.	SWAC	3-30	-31.33	90.3	364	121.7	356	67.0	199	-.026	254	-7.13	303	104.9	305	112.0	283	+5.74	56